order_id,customer_id,order_date,total_amount
1,1,2024-12-01,106.9
2,1,2024-08-06,35.0
3,2,2020-09-30,60.5
4,2,2023-10-20,23.0
5,2,2023-01-17,21.5
6,2,2021-05-28,49.85
7,2,2021-05-18,26.0
8,2,2021-07-18,56.0
9,2,2021-02-02,13.5
10,2,2023-01-22,44.25
11,2,2020-07-22,10.5
12,2,2020-08-23,24.0
13,2,2021-05-11,36.3
14,2,2022-08-20,37.5
15,2,2021-02-17,46.5
16,2,2021-05-29,206.65
17,2,2022-07-08,12.0
18,3,2023-08-10,15.0
19,4,2024-03-30,10.5
20,4,2022-12-01,53.8
21,4,2023-01-20,49.0
22,5,2021-01-27,36.5
23,5,2023-01-29,23.5
24,5,2021-02-17,13.5
25,6,2024-10-26,20.0
26,6,2024-12-21,153.55
27,6,2025-01-10,39.0
28,7,2024-12-27,31.5
29,8,2020-09-17,117.4
30,8,2022-07-01,24.5
31,9,2021-03-21,25.5
32,9,2022-06-27,60.45
33,10,2021-10-15,23.0
34,10,2024-11-21,10.5
35,11,2021-03-17,12.0
36,11,2023-02-19,111.81
37,11,2020-11-08,58.75
38,11,2020-11-19,115.5
39,11,2023-03-29,42.5
40,11,2020-04-21,192.5
41,11,2023-01-14,13.95
42,12,2023-05-30,0.0
43,13,2024-08-16,10.5
44,14,2023-09-01,27.45
45,14,2021-03-20,13.0
46,15,2018-07-27,24.0
47,16,2020-11-21,26.0
48,17,2024-06-30,21.4
49,18,2023-01-12,13.0
50,19,2024-03-18,61.0
51,19,2022-02-28,35.0
52,19,2024-02-13,12.0
53,20,2021-02-18,12.0
54,20,2024-01-22,14.5
55,21,2025-01-02,220.5
56,21,2025-01-15,24.0
57,22,2020-04-11,31.5
58,23,2023-11-29,10.5
59,23,2022-06-19,109.25
60,23,2024-02-10,42.9
61,23,2024-09-17,29.8
62,23,2023-09-05,20.3
63,24,2023-08-21,23.5
64,25,2023-04-09,35.0
65,26,2024-10-20,14.0
66,26,2024-02-16,34.0
67,26,2024-02-03,33.4
68,26,2023-04-01,22.5
69,26,2022-12-07,18.5
70,26,2023-11-04,29.65
71,26,2024-12-10,36.5
72,26,2024-06-13,24.5
73,26,2024-03-10,8.0
74,26,2023-04-16,12.5
75,27,2021-08-31,11.0
76,28,2022-04-19,0.0
77,28,2024-12-19,13.5
78,28,2023-05-25,20.5
79,28,2023-10-23,13.5
80,28,2022-07-06,12.5
81,28,2021-11-12,14.0
82,28,2022-07-20,5.0
83,29,2022-03-15,25.5
84,29,2024-06-05,34.5
85,29,2023-07-01,26.0
86,30,2024-10-07,23.4
87,31,2019-08-04,38.5
88,31,2019-11-02,24.5
89,31,2021-02-13,69.65
90,31,2021-01-29,38.5
91,31,2024-12-28,12.5
92,32,2024-01-06,26.5
93,33,2021-04-14,12.5
94,34,2024-04-14,31.0
95,34,2021-10-12,22.25
96,35,2023-05-13,182.45
97,35,2023-05-03,22.5
98,35,2021-07-22,3.85
99,35,2020-05-01,14.0
100,35,2021-05-11,32.45
101,35,2019-06-17,24.0
102,35,2020-11-19,10.5
103,35,2019-07-10,26.5
104,35,2022-08-30,14.5
105,35,2019-02-17,21.5
106,35,2024-06-30,49.5
107,35,2021-12-18,25.0
108,35,2021-04-29,12.5
109,35,2021-07-21,115.75
110,35,2021-05-22,81.0
111,35,2022-05-26,12.0
112,35,2024-02-13,3.85
113,35,2021-02-18,14.5
114,36,2021-07-11,21.5
115,36,2022-07-16,23.0
116,36,2023-07-19,12.0
117,36,2021-12-03,25.0
118,37,2023-03-18,34.5
119,37,2024-01-30,54.3
120,37,2024-03-11,9.5
121,38,2021-11-02,11.0
122,39,2021-11-19,43.5
123,39,2022-07-11,39.5
124,40,2023-08-21,59.45
125,40,2024-05-23,11.0
126,40,2020-10-24,34.0
127,40,2020-12-14,24.0
128,40,2022-09-13,37.0
129,40,2020-12-17,13.5
130,40,2021-02-09,13.5
131,41,2024-09-19,24.5
132,41,2022-06-09,10.5
133,42,2022-01-22,24.5
134,42,2020-10-08,13.0
135,42,2020-12-18,18.4
136,43,2024-03-09,31.4
137,44,2021-04-25,11.0
138,44,2024-12-25,10.5
139,44,2023-02-14,13.0
140,44,2021-11-11,13.5
141,44,2021-12-26,172.1
142,45,2024-09-19,12.0
143,46,2019-06-22,24.5
144,46,2020-04-10,13.0
145,46,2022-12-01,24.0
146,47,2021-01-13,124.85
147,48,2020-01-13,191.35
148,48,2020-07-29,90.9
149,49,2024-10-18,33.5
150,49,2025-01-18,18.9
151,50,2025-01-06,22.5
152,51,2021-01-19,27.0
153,51,2021-07-09,11.0
154,51,2021-08-13,0.0
155,51,2023-03-23,45.0
156,51,2021-03-11,24.5
157,52,2022-11-10,14.0
158,53,2023-07-21,19.0
159,53,2023-11-22,168.5
160,53,2024-05-08,24.5
161,54,2023-05-18,3.85
162,54,2022-10-30,35.5
163,54,2023-01-04,28.0
164,54,2025-01-12,90.4
165,54,2023-07-20,39.0
166,54,2023-07-16,20.5
167,54,2022-08-19,13.0
168,54,2022-12-15,13.5
169,55,2021-09-13,173.65
170,55,2024-08-31,30.4
171,56,2021-05-28,65.4
172,57,2020-01-04,27.35
173,57,2019-12-16,40.95
174,57,2020-06-16,74.5
175,57,2024-07-18,0.0
176,57,2020-12-26,181.6
177,57,2021-01-19,65.85
178,57,2021-05-16,23.5
179,57,2020-06-24,13.5
180,57,2022-11-15,25.0
181,57,2021-02-19,13.0
182,57,2021-05-04,76.5
183,57,2024-11-18,23.5
184,57,2023-06-23,53.0
185,57,2021-04-29,176.9
186,57,2020-04-14,12.0
187,57,2023-09-20,26.95
188,58,2024-12-02,107.4
189,58,2024-03-20,83.3
190,58,2024-07-25,14.5
191,59,2024-09-25,141.35
192,59,2024-03-16,0.0
193,59,2024-10-14,38.0
194,60,2024-01-27,15.3
195,60,2022-10-24,21.5
196,60,2024-06-06,10.5
197,61,2020-11-07,170.3
198,61,2020-06-11,225.35
199,61,2022-11-15,45.5
200,61,2021-01-15,14.0
201,61,2023-04-15,33.35
202,61,2023-04-21,13.0
203,61,2023-05-23,48.5
204,61,2022-10-01,48.0
205,61,2024-01-07,34.5
206,61,2020-07-30,12.9
207,61,2020-07-23,8.5
208,61,2021-04-18,13.5
209,61,2021-03-01,0.0
210,61,2023-10-06,151.0
211,62,2020-07-29,187.04
212,63,2023-12-01,19.0
213,64,2024-03-24,22.0
214,65,2024-11-08,28.0
215,66,2023-03-26,0.0
216,66,2023-11-29,26.0
217,66,2023-08-01,10.5
218,66,2024-09-05,122.25
219,66,2023-11-30,122.30
220,66,2023-10-03,26.5
221,67,2022-08-22,30.0
222,68,2024-11-11,34.5
223,68,2020-08-25,38.0
224,68,2019-11-15,75.75
225,68,2021-02-05,10.5
226,68,2021-05-09,22.25
227,68,2019-05-26,27.0
228,68,2020-05-13,36.5
229,68,2023-06-02,53.0
230,68,2021-04-02,13.5
231,68,2020-01-21,46.7
232,68,2020-06-07,12.5
233,68,2020-06-18,11.0
234,68,2021-08-18,13.5
235,68,2022-09-25,27.5
236,68,2018-09-26,11.0
237,68,2019-03-03,12.0
238,68,2022-05-07,12.5
239,69,2023-09-06,0.0
240,69,2020-07-03,34.0
241,69,2020-09-04,13.0
242,69,2020-10-20,14.0
243,69,2023-09-17,15.8
244,69,2023-04-01,103.9
245,69,2021-01-05,123.75
246,69,2020-11-07,184.85
247,69,2020-03-02,32.0
248,69,2021-03-08,10.5
249,69,2021-11-28,24.5
250,69,2019-06-13,12.0
251,69,2022-08-06,28.8
252,69,2024-10-07,39.15
253,69,2024-08-20,34.9
254,69,2020-08-16,13.0
255,69,2023-03-10,36.5
256,69,2019-10-28,25.5
257,69,2024-09-08,13.0
258,69,2021-01-03,14.0
259,70,2024-05-10,23.5
260,70,2024-07-01,8.5
261,70,2024-11-07,22.5
262,71,2024-06-12,55.4
263,71,2022-05-08,28.95
264,71,2023-03-31,96.0
265,72,2020-03-05,36.5
266,73,2021-06-27,26.0
267,73,2020-02-17,32.0
268,74,2024-04-16,25.5
269,74,2024-01-06,23.0
270,74,2024-03-19,11.0
271,75,2023-12-20,14.85
272,75,2020-07-19,5.0
273,75,2019-02-26,10.5
274,75,2020-04-19,36.5
275,75,2018-03-11,18.9
276,75,2020-06-21,3.85
277,76,2020-03-29,11.0
278,77,2022-12-25,20.4
279,77,2023-02-20,39.5
280,77,2021-04-12,24.5
281,78,2024-12-17,24.5
282,78,2024-03-11,24.0
283,78,2024-06-13,35.5
284,79,2023-08-09,181.8
285,79,2022-05-26,0.0
286,79,2024-05-11,42.9
287,79,2022-05-20,12.0
288,79,2022-01-26,24.0
289,79,2024-05-14,23.85
290,79,2023-01-28,23.5
291,80,2019-12-20,23.0
292,81,2024-03-03,193.0
293,81,2024-09-03,11.0
294,82,2024-04-03,43.4
295,82,2023-04-27,18.5
296,82,2021-01-16,24.5
297,82,2020-04-08,0.0
298,82,2020-08-23,23.5
299,82,2023-01-22,28.3
300,83,2020-06-27,153.85
301,83,2024-08-30,36.0
302,83,2024-12-31,25.5
303,83,2024-10-19,12.0
304,83,2021-03-02,13.0
305,83,2020-10-10,0.0
306,83,2022-06-11,48.5
307,83,2022-02-20,12.0
308,84,2024-08-22,23.0
309,84,2023-09-15,18.35
310,85,2022-10-17,21.9
311,85,2024-10-21,25.0
312,86,2024-05-12,83.4
313,86,2024-09-03,11.25
314,86,2023-12-08,7.9
315,86,2024-07-28,28.5
316,87,2022-06-20,161.75
317,88,2023-04-03,13.0
318,88,2023-02-21,29.9
319,88,2021-07-06,11.25
320,88,2024-04-26,27.0
321,88,2023-04-27,22.25
322,89,2019-03-22,8.0
323,89,2020-12-08,15.5
324,89,2019-04-11,35.5
325,90,2024-12-08,52.5
326,91,2023-12-11,14.0
327,91,2024-10-04,8.0
328,92,2024-09-04,248.85
329,92,2022-10-17,168.35
330,92,2021-09-04,15.0
331,93,2024-12-04,41.95
332,93,2024-11-02,21.5
333,93,2025-01-20,13.0
334,94,2023-10-14,142.0
335,94,2024-09-17,182.4
336,94,2022-02-14,202.25
337,94,2023-07-27,11.0
338,95,2024-07-25,36.0
339,96,2022-08-20,29.3
340,96,2023-12-26,13.0
341,96,2023-08-29,44.9
342,97,2024-02-28,13.95
343,98,2021-01-29,24.0
344,98,2024-09-17,0.0
345,98,2023-05-05,9.5
346,98,2021-11-14,36.75
347,98,2023-10-14,11.0
348,99,2022-12-07,9.5
349,99,2023-02-16,50.5
350,99,2021-10-11,10.5
351,99,2022-10-26,137.9
352,99,2025-01-12,13.5
353,100,2023-11-27,15.8
354,100,2022-02-14,35.0
355,100,2024-08-31,149.3
356,100,2023-01-06,11.0
357,100,2024-01-13,14.0
358,100,2022-12-14,25.5
359,100,2023-05-26,11.0
360,100,2021-04-30,152.0
361,100,2021-03-08,23.5
362,100,2021-05-17,12.0
363,100,2021-01-29,12.5
364,100,2024-05-31,13.0
365,100,2024-10-26,35.5
366,100,2022-05-03,35.0
367,100,2022-09-21,28.85
368,100,2021-08-04,27.0
369,100,2024-07-19,174.3
370,100,2024-07-16,24.5
371,101,2023-03-29,12.0
372,101,2021-03-30,13.5
373,101,2021-09-02,10.5
374,102,2023-06-09,60.0
375,102,2023-02-19,13.5
376,102,2022-10-20,131.0
377,103,2021-05-29,24.75
378,104,2023-03-18,47.0
379,104,2020-06-27,33.9
380,105,2024-05-08,37.5
381,106,2020-04-30,83.45
382,106,2021-05-02,13.0
383,106,2021-01-05,0.0
384,106,2020-04-12,45.35
385,107,2024-07-16,26.45
386,108,2024-11-12,10.5
387,109,2025-01-14,12.0
388,110,2021-02-23,27.5
389,111,2020-03-23,0.0
390,112,2024-11-21,184.45
391,112,2024-07-28,34.0
392,112,2024-11-23,38.5
393,113,2021-10-12,28.0
394,113,2021-05-09,24.5
395,113,2024-01-08,10.5
396,113,2021-06-27,118.4
397,114,2025-01-01,152.15
398,114,2024-12-26,12.9
399,114,2024-12-09,29.35
400,114,2024-10-15,25.5
401,114,2024-12-21,13.5
402,114,2024-12-29,41.5
403,114,2025-01-16,10.5
404,114,2024-11-04,26.5
405,114,2024-11-07,24.5
406,114,2024-12-27,11.0
407,114,2024-11-30,24.9
408,114,2024-11-15,127.9
409,114,2025-01-03,40.9
410,115,2024-12-19,29.5
411,116,2024-12-15,31.4
412,116,2024-09-16,73.0
413,117,2020-11-13,42.0
414,118,2020-12-17,21.9
415,118,2021-04-02,194.9
416,118,2024-03-01,31.4
417,119,2024-09-14,12.0
418,119,2024-12-27,29.0
419,119,2024-04-02,12.5
420,119,2024-10-12,23.0
421,119,2024-04-04,11.0
422,119,2024-11-06,11.0
423,119,2024-09-03,174.75
424,120,2021-04-25,7.9
425,120,2022-12-26,44.3
426,120,2021-11-15,200.65
427,120,2020-06-15,24.5
428,120,2023-01-30,77.5
429,121,2020-05-16,34.75
430,121,2021-05-12,14.5
431,121,2020-04-09,71.0
432,122,2021-09-12,18.5
433,122,2022-03-25,69.35
434,123,2024-11-16,36.0
435,123,2024-08-22,17.0
436,123,2024-10-26,47.35
437,123,2025-01-02,14.0
438,124,2024-03-11,13.5
439,124,2023-11-11,19.15
440,124,2023-03-21,28.0
441,125,2023-08-13,27.5
442,125,2024-01-15,28.0
443,125,2021-07-04,37.5
444,125,2022-05-03,24.9
445,125,2023-11-10,17.5
446,125,2021-06-17,25.0
447,125,2024-11-05,23.0
448,125,2023-10-22,23.25
449,125,2022-01-02,34.0
450,125,2024-02-10,13.0
451,126,2020-06-20,0.0
452,126,2020-11-25,172.5
453,126,2019-06-19,22.5
454,127,2022-04-19,174.4
455,127,2022-01-28,31.5
456,127,2024-03-05,32.4
457,127,2023-02-12,28.0
458,127,2023-01-12,12.5
459,127,2022-05-21,24.0
460,127,2022-08-07,14.0
461,128,2025-01-11,198.0
462,129,2021-08-01,0.0
463,129,2019-11-20,156.0
464,129,2020-07-30,13.5
465,130,2023-04-04,34.75
466,130,2023-06-24,12.0
467,130,2021-02-26,209.6
468,131,2024-04-03,34.849
469,131,2024-09-28,39.5
470,131,2024-04-27,14.0
471,131,2024-08-17,72.0
472,131,2025-01-01,13.5
473,131,2024-02-25,173.20
474,131,2024-10-10,97.5
475,131,2024-03-15,25.0
476,131,2024-09-26,34.5
477,131,2024-06-03,0.0
478,131,2024-08-11,7.9
479,131,2024-06-20,180.4
480,131,2024-05-31,28.0
481,131,2024-03-09,12.9
482,131,2025-01-12,12.5
483,131,2023-12-30,19.0
484,131,2024-02-01,23.0
485,132,2024-11-12,21.75
486,132,2023-05-19,30.0
487,132,2024-06-07,12.0
488,132,2024-02-17,33.0
489,132,2024-03-28,8.0
490,132,2024-05-30,10.5
491,132,2023-03-31,82.9
492,132,2024-06-19,12.5
493,132,2023-05-11,7.9
494,132,2023-05-29,13.0
495,132,2022-12-08,25.0
496,133,2024-05-08,38.0
497,133,2024-03-11,10.5
498,133,2024-12-06,44.0
499,134,2024-07-20,47.25
500,134,2024-11-19,26.95
501,134,2022-12-24,35.5
502,135,2023-05-19,24.5
503,135,2021-12-07,11.25
504,136,2021-02-06,143.0
505,136,2022-01-10,33.5
506,136,2020-11-07,25.5
507,136,2024-04-17,18.9
508,136,2023-07-05,23.5
509,137,2024-06-10,0.0
510,137,2024-07-26,21.5
511,138,2024-02-19,41.0
512,139,2024-12-25,0.0
513,140,2024-12-04,17.0
514,140,2024-08-20,0.0
515,140,2024-07-12,21.5
516,140,2024-05-05,26.5
517,140,2025-01-01,13.0
518,140,2024-11-17,23.0
519,140,2024-10-18,13.0
520,140,2024-06-03,11.0
521,140,2024-05-09,10.5
522,140,2024-10-20,86.5
523,140,2024-12-01,35.5
524,140,2024-05-20,20.0
525,140,2024-07-14,12.5
526,140,2024-09-09,25.0
527,140,2024-07-27,23.0
528,140,2024-12-05,47.5
529,140,2024-07-14,89.0
530,141,2024-11-03,27.0
531,141,2022-02-05,24.0
532,142,2024-10-12,62.9
533,142,2021-03-21,24.35
534,142,2022-12-14,24.5
535,142,2021-05-13,50.95
536,143,2024-06-27,37.0
537,143,2024-10-23,32.0
538,143,2024-01-26,36.5
539,143,2023-07-31,35.75
540,143,2023-08-12,8.5
541,143,2023-09-13,12.0
542,144,2022-07-04,10.5
543,145,2024-04-29,41.5
544,145,2023-10-18,10.5
545,145,2022-09-03,13.0
546,145,2022-11-20,94.4
547,145,2023-01-31,20.0
548,145,2022-09-24,14.0
549,146,2024-03-14,27.0
550,146,2023-09-17,13.5
551,147,2024-06-22,13.5
552,147,2024-04-23,164.4
553,148,2022-06-17,33.5
554,149,2021-05-25,17.0
555,149,2022-02-24,21.5
556,150,2022-04-30,13.0
557,150,2021-02-07,24.0
558,150,2023-11-15,39.5
559,150,2021-03-15,7.9
560,150,2021-06-11,12.5
561,150,2020-08-09,15.3
562,150,2022-03-27,13.0
563,150,2020-10-09,116.75
564,150,2020-04-18,21.5
565,150,2020-11-09,13.0
566,150,2023-02-27,14.0
567,150,2021-01-09,22.5
568,150,2021-08-26,34.5
569,150,2020-05-29,13.0
570,150,2022-07-10,19.15
571,150,2023-07-23,47.9
572,150,2023-08-16,27.5
573,151,2022-08-03,47.0
574,151,2023-01-10,11.0
575,152,2023-08-28,80.75
576,152,2020-11-28,11.0
577,152,2020-08-28,32.5
578,153,2024-07-19,13.5
579,153,2021-01-07,80.75
580,153,2021-11-22,20.85
581,153,2024-11-22,0.0
582,153,2023-03-27,11.5
583,153,2021-10-27,33.9
584,153,2022-02-13,173.5
585,153,2022-10-09,23.5
586,153,2021-04-13,11.0
587,154,2022-06-10,10.5
588,154,2022-06-05,24.5
589,155,2023-01-06,45.5
590,155,2022-11-29,0.0
591,155,2020-09-15,36.5
592,155,2021-05-12,12.0
593,155,2023-08-14,59.0
594,155,2021-09-23,12.0
595,155,2023-05-03,38.0
596,155,2023-06-14,32.5
597,155,2023-08-10,24.5
598,155,2020-07-14,38.5
599,155,2022-04-05,27.0
600,155,2020-08-03,13.0
601,155,2024-04-01,38.0
602,155,2024-05-19,42.25
603,155,2022-02-01,38.5
604,155,2024-03-29,37.5
605,155,2022-05-07,14.5
606,155,2021-05-03,21.5
607,155,2020-11-02,0.0
608,156,2022-08-09,12.0
609,156,2022-04-02,23.0
610,156,2024-09-23,25.5
611,156,2022-02-26,13.95
612,156,2023-12-22,36.0
613,156,2024-06-03,38.5
614,156,2024-04-30,6.5
615,156,2023-12-17,7.9
616,156,2024-11-03,32.75
617,156,2022-08-23,13.5
618,156,2022-03-02,39.5
619,156,2022-04-07,50.0
620,156,2022-06-06,23.5
621,156,2024-05-25,34.0
622,156,2024-03-15,12.5
623,157,2019-02-15,33.9
624,157,2020-08-01,10.5
625,157,2018-07-27,13.5
626,158,2018-08-26,74.0
627,158,2020-04-16,24.5
628,158,2018-09-14,34.5
629,158,2020-06-26,103.65
630,158,2023-12-24,26.5
631,158,2024-02-07,220.70
632,159,2024-10-15,51.5
633,159,2023-11-23,37.85
634,159,2023-08-13,11.0
635,160,2025-01-19,24.0
636,160,2023-06-02,51.95
637,160,2024-02-18,201.65
638,161,2020-06-08,14.0
639,162,2022-06-10,5.0
640,162,2021-03-08,21.5
641,162,2024-02-05,29.85
642,162,2022-01-01,36.5
643,162,2021-08-23,7.9
644,162,2024-01-05,34.35
645,162,2024-01-01,13.0
646,163,2024-09-24,38.5
647,163,2024-03-07,36.5
648,163,2024-10-14,38.5
649,163,2024-03-20,214.9
650,163,2024-07-27,10.5
651,163,2024-06-21,10.35
652,163,2023-07-05,39.0
653,164,2024-06-23,158.5
654,164,2020-11-08,25.5
655,164,2020-07-10,234.8
656,164,2024-11-27,26.5
657,164,2023-06-23,32.0
658,164,2021-10-05,13.0
659,164,2021-02-27,38.0
660,165,2023-12-31,21.75
661,165,2024-11-12,12.0
662,166,2021-02-03,37.45
663,167,2022-03-03,40.9
664,167,2020-05-23,9.0
665,167,2021-08-02,25.45
666,167,2020-02-28,35.75
667,167,2020-11-24,37.0
668,167,2023-07-05,13.5
669,167,2018-08-19,51.0
670,167,2021-05-23,31.9
671,167,2023-07-08,42.9
672,167,2024-09-07,24.5
673,167,2021-01-02,25.0
674,167,2019-12-01,23.3
675,167,2020-05-24,120.5
676,167,2021-04-22,34.0
677,167,2020-07-31,10.35
678,167,2018-10-02,22.5
679,167,2019-04-04,38.0
680,167,2023-12-04,87.5
681,167,2021-10-22,0.0
682,168,2024-06-19,92.0
683,169,2021-09-07,30.25
684,169,2022-01-23,39.3
685,169,2025-01-17,11.5
686,169,2024-08-17,13.0
687,169,2024-12-12,13.5
688,169,2024-06-01,12.0
689,169,2022-04-08,13.0
690,169,2024-12-15,49.0
691,169,2024-06-09,158.2
692,170,2022-02-28,19.9
693,170,2022-02-12,10.5
694,170,2022-08-14,11.0
695,171,2023-04-23,13.5
696,172,2024-11-18,7.9
697,173,2024-12-08,58.0
698,174,2024-11-01,22.9
699,175,2023-10-08,53.0
700,175,2023-11-08,20.4
701,176,2020-09-11,6.5
702,177,2021-04-05,26.0
703,177,2023-04-04,11.0
704,177,2021-03-05,46.5
705,177,2021-01-21,24.0
706,177,2024-04-23,13.5
707,177,2020-12-09,13.0
708,177,2021-05-06,21.5
709,177,2023-12-22,15.0
710,177,2022-09-28,25.0
711,177,2021-01-20,34.5
712,177,2021-04-17,25.0
713,177,2020-12-09,10.35
714,177,2021-05-09,48.0
715,177,2020-11-22,26.5
716,177,2022-01-24,22.5
717,177,2022-09-15,31.9
718,177,2023-10-29,78.5
719,177,2021-05-14,21.0
720,177,2024-03-05,213.45
721,178,2024-01-12,25.5
722,179,2020-02-16,26.0
723,179,2022-07-15,29.0
724,179,2020-12-12,34.85
725,180,2024-11-06,66.55
726,181,2024-03-17,24.0
727,181,2024-04-10,42.0
728,181,2023-10-22,14.0
729,182,2024-12-05,7.9
730,182,2023-11-29,40.5
731,183,2022-01-13,34.0
732,183,2021-02-09,27.5
733,183,2021-05-23,35.0
734,184,2020-04-19,36.0
735,185,2020-05-13,13.5
736,185,2020-06-08,20.5
737,185,2023-07-23,24.0
738,185,2024-06-06,176.45
739,185,2021-05-26,13.5
740,185,2020-10-31,44.5
741,185,2020-10-24,13.5
742,185,2021-05-11,44.4
743,185,2023-04-20,13.0
744,185,2022-03-28,14.0
745,185,2020-06-08,97.5
746,185,2020-07-02,12.0
747,185,2019-05-17,86.5
748,185,2023-04-09,28.8
749,185,2022-11-27,10.5
750,185,2021-01-27,22.5
751,185,2020-03-02,3.85
752,186,2024-06-10,10.5
753,186,2020-10-15,9.5
754,186,2020-08-25,112.35
755,186,2021-03-31,27.5
756,186,2023-03-11,12.0
757,186,2021-04-19,27.5
758,186,2021-11-30,238.4
759,186,2023-04-05,21.5
760,186,2023-09-18,12.5
761,186,2020-03-24,0.0
762,186,2020-11-30,26.8
763,187,2023-06-27,113.0
764,187,2023-01-21,14.35
765,187,2021-05-03,10.5
766,187,2023-03-24,25.5
767,187,2024-05-27,13.5
768,187,2021-04-21,19.9
769,188,2023-02-27,14.0
770,188,2024-05-16,11.0
771,188,2024-01-31,15.0
772,188,2022-12-31,7.9
773,188,2024-07-25,25.0
774,188,2024-06-08,12.0
775,188,2024-06-28,9.0
776,189,2024-02-07,20.4
777,190,2024-07-13,27.0
778,190,2020-05-19,11.25
779,190,2023-10-08,25.0
780,190,2023-05-21,14.5
781,191,2024-10-19,22.5
782,192,2024-12-20,38.95
783,192,2024-11-27,14.0
784,193,2023-07-01,36.2
785,193,2022-04-26,39.5
786,193,2024-11-05,74.0
787,193,2024-01-04,13.0
788,194,2022-08-15,185.70
789,195,2020-09-21,38.5
790,195,2023-05-12,39.95
791,196,2024-12-24,21.5
792,196,2020-11-28,0.0
793,197,2021-05-30,12.5
794,197,2021-03-12,50.5
795,197,2024-08-20,15.0
796,198,2023-09-24,118.5
797,199,2018-09-25,11.25
798,199,2019-09-24,35.0
799,199,2019-08-11,160.3
800,199,2020-10-23,24.5
801,199,2020-04-05,21.85
802,199,2021-09-21,21.9
803,199,2022-08-19,40.0
804,200,2024-03-14,54.5
805,201,2022-09-24,10.35
806,202,2018-06-03,7.9
807,202,2021-10-25,24.5
808,202,2020-09-17,79.0
809,203,2024-12-04,124.0
810,203,2024-03-11,47.5
811,203,2024-02-20,13.0
812,203,2024-01-11,10.5
813,204,2023-08-01,43.9
814,204,2022-10-12,22.0
815,204,2023-11-05,27.5
816,205,2022-06-27,27.5
817,205,2023-01-04,27.5
818,205,2021-03-21,11.0
819,205,2022-10-05,109.45
820,205,2021-09-25,31.9
821,205,2023-04-30,151.0
822,205,2024-02-25,7.9
823,205,2023-04-27,109.7
824,205,2022-01-05,24.0
825,205,2020-12-16,50.0
826,205,2024-01-19,13.0
827,206,2021-05-05,21.75
828,206,2019-12-10,209.85
829,206,2020-04-29,13.5
830,206,2021-05-25,31.15
831,206,2019-02-25,24.0
832,206,2021-03-17,12.5
833,206,2020-03-25,35.0
834,206,2020-07-06,143.75
835,206,2023-05-28,226.85
836,206,2020-06-06,189.55
837,207,2022-04-22,22.0
838,207,2021-02-05,8.5
839,207,2023-07-27,18.4
840,207,2021-05-20,29.5
841,208,2021-05-14,30.0
842,208,2021-10-21,49.5
843,208,2024-02-24,11.0
844,209,2020-10-18,26.5
845,210,2023-12-21,12.0
846,211,2021-01-12,14.5
847,212,2023-04-09,19.9
848,212,2024-07-10,10.5
849,212,2022-12-25,53.5
850,213,2024-06-30,23.5
851,213,2023-05-02,25.0
852,214,2024-05-30,14.0
853,214,2024-06-03,35.0
854,214,2021-02-18,13.5
855,215,2021-09-24,12.0
856,216,2022-04-26,33.85
857,216,2024-12-18,25.0
858,216,2024-02-16,14.0
859,216,2023-02-26,12.5
860,216,2023-10-17,135.75
861,216,2023-12-15,12.0
862,216,2022-12-13,24.5
863,216,2023-02-09,42.4
864,216,2024-06-14,32.5
865,217,2022-02-13,10.5
866,218,2023-12-09,11.0
867,218,2024-04-28,39.5
868,219,2024-01-15,15.0
869,219,2023-04-04,9.0
870,219,2022-07-18,43.5
871,220,2019-10-13,25.0
872,221,2020-03-03,79.9
873,221,2021-03-31,22.5
874,222,2023-07-04,31.5
875,223,2024-08-25,13.5
876,224,2024-08-24,166.6
877,224,2024-10-03,42.0
878,224,2023-09-20,24.5
879,225,2024-12-05,26.0
880,225,2024-11-21,19.0
881,225,2024-12-01,21.0
882,225,2024-08-11,50.5
883,225,2024-10-26,42.85
884,225,2024-10-05,25.0
885,226,2024-09-27,7.9
886,226,2024-06-22,13.5
887,227,2022-01-18,17.35
888,228,2023-09-24,21.0
889,228,2022-01-24,10.5
890,228,2021-12-18,169.4
891,228,2024-12-14,23.0
892,228,2024-03-18,24.5
893,228,2024-01-13,46.0
894,228,2024-11-22,24.5
895,229,2023-11-30,10.5
896,229,2025-01-03,14.5
897,229,2022-12-18,42.5
898,230,2023-10-08,14.5
899,230,2024-10-21,7.9
900,231,2024-11-12,13.5
901,232,2021-03-13,21.5
902,232,2021-06-09,12.5
903,232,2020-11-30,24.0
904,232,2023-07-21,117.25
905,232,2020-09-25,25.8
906,232,2020-10-07,8.5
907,232,2022-12-16,34.5
908,233,2024-10-10,13.0
909,234,2024-04-02,39.5
910,235,2024-11-06,13.0
911,235,2020-07-12,73.8
912,235,2024-06-13,20.4
913,235,2020-02-17,0.0
914,235,2021-07-13,24.5
915,235,2019-12-12,39.0
916,236,2018-09-17,36.5
917,236,2020-06-29,8.0
918,236,2021-05-06,18.4
919,236,2024-10-24,27.5
920,236,2020-06-02,33.0
921,236,2020-05-30,113.25
922,236,2020-09-04,24.5
923,237,2019-05-05,27.5
924,238,2023-05-31,51.75
925,238,2020-03-19,13.0
926,238,2023-04-07,151.7
927,238,2019-02-05,21.5
928,238,2020-06-28,79.85
929,238,2018-12-24,8.0
930,239,2022-10-16,11.0
931,240,2023-08-27,12.5
932,240,2023-03-20,12.5
933,240,2023-10-04,12.5
934,241,2021-04-18,42.65
935,241,2022-10-24,13.5
936,241,2020-01-08,5.0
937,241,2020-08-20,14.35
938,241,2022-01-22,7.9
939,241,2018-12-12,24.5
940,241,2022-03-22,11.0
941,242,2022-07-19,7.9
942,243,2024-11-26,98.0
943,243,2024-02-09,12.0
944,243,2024-04-05,14.0
945,244,2021-11-08,59.0
946,244,2021-11-10,59.0
947,245,2024-01-31,7.9
948,245,2024-08-19,21.9
949,246,2022-08-13,7.9
950,246,2020-05-31,259.25
951,247,2020-03-25,190.4
952,247,2024-11-08,37.5
953,247,2022-01-03,14.0
954,247,2023-11-10,23.5
955,248,2023-08-25,37.0
956,248,2023-07-02,11.5
957,248,2023-04-14,25.5
958,249,2024-07-29,10.5
959,250,2024-12-27,21.35
960,250,2024-11-13,25.5
961,250,2024-10-27,13.0
962,250,2024-11-11,13.0
963,250,2024-12-09,223.3
964,251,2023-06-04,14.0
965,251,2024-07-07,14.0
966,252,2024-10-29,8.0
967,252,2023-07-23,222.35
968,253,2022-08-20,52.8
969,254,2020-09-24,30.5
970,254,2021-08-20,36.5
971,254,2022-05-19,34.9
972,254,2021-01-09,10.5
973,254,2023-02-08,13.5
974,254,2022-06-18,14.0
975,255,2024-03-29,34.0
976,256,2023-09-27,7.9
977,256,2023-08-04,38.0
978,257,2025-01-17,13.0
979,257,2025-01-13,21.0
980,257,2025-01-05,132.15
981,257,2025-01-01,26.0
982,257,2024-12-22,14.0
983,257,2024-12-30,7.9
984,257,2025-01-10,25.95
985,258,2022-05-28,10.5
986,258,2021-04-02,31.9
987,258,2024-11-08,9.5
988,258,2024-05-31,31.5
989,258,2022-07-01,14.5
990,258,2020-10-22,12.0
991,258,2022-09-18,18.5
992,258,2024-07-28,23.0
993,259,2020-10-22,20.5
994,259,2021-02-16,23.0
995,259,2023-02-17,107.0
996,259,2023-09-25,31.4
997,259,2023-01-06,160.85
998,259,2021-02-18,12.5
999,260,2023-08-21,13.5
1000,260,2024-05-25,28.0
1001,261,2022-04-27,15.0
1002,261,2023-03-26,25.5
1003,261,2022-10-20,22.5
1004,262,2024-08-29,15.3
1005,263,2023-12-09,46.5
1006,263,2024-12-16,36.5
1007,264,2020-12-09,11.0
1008,264,2023-07-11,43.80
1009,264,2020-12-19,13.0
1010,264,2023-06-06,24.5
1011,264,2021-03-23,14.0
1012,265,2024-01-22,48.5
1013,265,2024-12-19,17.0
1014,266,2024-01-07,12.5
1015,267,2021-04-07,36.5
1016,267,2021-06-27,20.0
1017,267,2020-05-23,10.5
1018,267,2020-07-24,13.0
1019,267,2020-04-01,214.2
1020,267,2020-12-12,21.5
1021,268,2024-12-13,175.8
1022,268,2024-09-14,23.5
1023,268,2024-06-26,11.0
1024,268,2024-07-20,40.5
1025,269,2023-07-30,24.0
1026,269,2021-04-13,35.0
1027,269,2021-04-10,38.5
1028,269,2023-08-18,27.35
1029,269,2023-11-28,70.4
1030,269,2022-09-22,38.0
1031,269,2023-04-13,11.0
1032,269,2021-02-11,21.5
1033,269,2022-06-17,36.5
1034,269,2024-05-11,15.0
1035,269,2021-04-09,190.3
1036,269,2021-03-30,25.0
1037,269,2023-02-15,24.5
1038,270,2023-09-03,11.0
1039,271,2020-07-22,34.75
1040,271,2021-11-15,13.0
1041,271,2022-07-11,42.4
1042,272,2024-03-07,15.5
1043,272,2024-10-10,13.0
1044,272,2024-06-04,14.5
1045,273,2024-06-05,41.9
1046,274,2021-04-04,23.0
1047,275,2024-07-14,34.0
1048,275,2024-08-13,13.5
1049,275,2024-10-23,16.0
1050,276,2020-08-31,95.0
1051,277,2020-05-29,9.5
1052,277,2020-06-21,60.0
1053,277,2022-12-23,27.95
1054,277,2022-10-16,21.6
1055,278,2024-12-14,36.45
1056,278,2024-10-19,134.9
1057,278,2024-09-24,12.5
1058,278,2024-11-16,199.2
1059,279,2024-10-15,14.0
1060,279,2024-10-09,25.5
1061,279,2024-09-11,51.3
1062,279,2025-01-21,22.5
1063,279,2024-10-12,28.0
1064,279,2024-09-04,95.25
1065,279,2024-10-21,23.5
1066,280,2023-10-11,24.5
1067,280,2023-09-25,11.0
1068,280,2024-05-10,172.0
1069,280,2023-09-25,182.15
1070,280,2021-11-09,18.4
1071,280,2023-07-23,31.0
1072,280,2022-10-20,25.0
1073,280,2021-10-06,25.5
1074,280,2021-11-25,38.0
1075,280,2022-01-27,13.5
1076,280,2023-05-16,27.79
1077,281,2024-08-24,46.5
1078,281,2022-12-14,53.5
1079,282,2022-07-29,0.0
1080,283,2021-11-21,124.4
1081,283,2021-02-28,24.95
1082,283,2020-07-22,13.5
1083,283,2021-04-02,36.45
1084,283,2020-06-10,171.85
1085,283,2023-04-10,34.0
1086,283,2023-10-22,10.5
1087,283,2021-05-11,29.35
1088,283,2023-10-23,33.45
1089,283,2020-11-14,171.9
1090,283,2020-07-09,89.5
1091,284,2024-11-09,13.0
1092,284,2023-02-23,7.9
1093,284,2021-04-08,26.95
1094,284,2022-03-04,148.6
1095,284,2022-10-21,23.35
1096,284,2023-10-01,175.60
1097,285,2022-04-06,205.4
1098,285,2022-06-12,49.25
1099,285,2022-12-31,12.5
1100,286,2023-11-06,34.5
1101,287,2023-12-07,14.0
1102,287,2024-04-30,108.60
1103,288,2023-12-04,13.5
1104,288,2024-01-13,13.0
1105,288,2024-09-23,29.4
1106,289,2021-05-15,26.5
1107,289,2023-03-21,23.5
1108,289,2023-06-17,28.5
1109,289,2023-01-29,27.79
1110,289,2020-11-01,187.9
1111,289,2021-03-23,36.0
1112,289,2020-04-30,37.45
1113,289,2021-04-26,13.5
1114,289,2019-05-06,30.4
1115,289,2022-11-20,26.5
1116,289,2020-05-05,22.5
1117,289,2019-07-13,25.0
1118,289,2020-03-13,15.0
1119,289,2020-04-14,21.9
1120,289,2019-04-07,18.4
1121,289,2021-02-18,13.95
1122,289,2020-09-27,49.25
1123,289,2020-02-18,25.0
1124,289,2019-05-14,12.0
1125,290,2023-01-04,11.5
1126,290,2024-06-21,24.0
1127,290,2024-11-12,7.9
1128,290,2021-03-09,13.0
1129,291,2020-03-09,13.5
1130,292,2023-08-12,22.5
1131,293,2024-10-05,47.5
1132,293,2021-05-05,12.0
1133,293,2021-02-09,10.5
1134,293,2021-01-09,18.4
1135,293,2021-04-01,24.5
1136,293,2024-12-31,34.0
1137,293,2024-10-11,13.5
1138,293,2021-08-30,18.5
1139,293,2020-12-09,5.0
1140,294,2024-09-25,21.0
1141,295,2021-04-30,21.9
1142,295,2021-05-04,13.5
1143,295,2021-02-28,9.0
1144,296,2019-11-27,182.3
1145,297,2021-07-23,33.4
1146,297,2020-08-20,24.0
1147,298,2023-06-21,13.5
1148,298,2023-05-08,42.4
1149,298,2024-05-21,23.0
1150,299,2023-04-23,147.55
1151,299,2021-12-19,9.5
1152,299,2022-11-22,49.45
1153,300,2024-12-28,11.0
1154,300,2023-11-30,43.7
1155,301,2020-04-29,24.0
1156,301,2020-10-23,188.70
1157,301,2020-03-23,37.5
1158,301,2020-07-30,36.45
1159,301,2020-11-03,19.9
1160,302,2024-08-15,53.5
1161,302,2024-09-16,12.0
1162,302,2024-04-03,14.0
1163,302,2023-07-14,20.9
1164,302,2023-07-02,25.95
1165,302,2025-01-18,11.0
1166,302,2024-03-18,21.0
1167,302,2022-10-17,3.85
1168,302,2024-12-04,96.5
1169,302,2024-10-25,223.85
1170,302,2022-12-28,26.95
1171,302,2024-03-12,13.0
1172,303,2020-10-26,26.0
1173,303,2021-05-13,29.5
1174,304,2023-10-02,24.0
1175,305,2023-11-30,36.0
1176,305,2023-01-12,36.25
1177,305,2022-07-22,24.5
1178,305,2024-06-29,11.0
1179,305,2023-02-28,36.0
1180,306,2021-04-17,50.5
1181,306,2022-08-08,32.25
1182,307,2021-01-20,11.0
1183,308,2024-12-21,22.35
1184,308,2025-01-04,6.5
1185,308,2024-12-22,11.0
1186,308,2024-12-31,23.25
1187,308,2025-01-10,11.0
1188,308,2025-01-04,146.95
1189,308,2024-12-17,15.0
1190,308,2024-12-13,32.9
1191,308,2025-01-02,26.3
1192,309,2022-01-06,122.65
1193,309,2020-12-05,10.35
1194,310,2024-03-04,39.5
1195,310,2024-05-11,36.5
1196,311,2024-09-30,12.0
1197,312,2024-12-10,119.85
1198,312,2024-11-10,12.5
1199,312,2024-09-20,12.0
1200,312,2024-09-16,23.5
1201,313,2025-01-01,31.9
1202,313,2024-12-27,35.25
1203,313,2024-12-11,13.5
1204,314,2023-04-11,26.25
1205,315,2020-12-21,23.5
1206,316,2020-10-12,26.9
1207,316,2018-11-09,41.0
1208,317,2024-05-31,26.3
1209,317,2024-12-05,11.25
1210,317,2023-05-31,90.9
1211,318,2022-11-28,23.0
1212,318,2023-09-21,27.0
1213,318,2024-10-15,209.3
1214,319,2023-06-16,11.0
1215,320,2024-12-17,10.5
1216,320,2024-06-06,118.15
1217,321,2020-06-10,12.0
1218,321,2020-03-05,50.5
1219,321,2021-02-16,34.0
1220,321,2020-05-27,48.5
1221,321,2022-11-23,23.0
1222,321,2020-11-10,10.5
1223,321,2024-11-05,37.0
1224,321,2024-06-20,28.0
1225,321,2023-02-03,46.5
1226,321,2022-04-12,200.20
1227,321,2020-10-22,0.0
1228,321,2022-02-05,34.9
1229,321,2021-05-09,12.5
1230,321,2021-02-21,27.45
1231,321,2020-11-28,22.35
1232,321,2022-10-05,10.5
1233,321,2020-11-04,13.0
1234,321,2020-04-24,59.0
1235,322,2024-08-14,23.0
1236,323,2022-08-07,99.7
1237,323,2023-07-16,0.0
1238,324,2024-10-31,20.9
1239,324,2021-08-29,10.5
1240,325,2021-01-02,0.0
1241,325,2020-05-02,25.5
1242,325,2023-03-30,46.0
1243,325,2020-06-18,70.0
1244,325,2023-09-14,43.25
1245,325,2019-11-19,33.5
1246,326,2024-07-26,36.5
1247,326,2020-08-21,7.9
1248,327,2021-11-19,18.4
1249,327,2020-02-06,33.0
1250,328,2024-06-14,75.25
1251,328,2022-05-31,129.8
1252,329,2023-07-27,42.0
1253,329,2024-07-04,32.5
1254,329,2024-12-09,23.5
1255,329,2024-09-29,13.0
1256,329,2024-05-27,35.0
1257,330,2023-11-20,10.5
1258,330,2024-08-06,12.5
1259,331,2024-09-29,29.4
1260,332,2021-09-24,46.25
1261,332,2021-04-29,11.25
1262,332,2024-01-08,24.5
1263,332,2020-11-30,25.5
1264,332,2021-12-15,32.0
1265,332,2021-08-21,49.0
1266,332,2023-12-23,18.4
1267,332,2020-09-27,37.5
1268,332,2022-12-21,34.0
1269,332,2021-04-14,81.0
1270,332,2023-04-26,11.0
1271,332,2021-05-18,91.9
1272,332,2020-08-13,165.55
1273,332,2023-01-09,37.0
1274,332,2021-02-01,12.0
1275,332,2024-09-09,29.5
1276,332,2023-08-20,25.5
1277,332,2020-10-23,13.0
1278,332,2022-03-02,182.20
1279,332,2021-04-18,22.0
1280,333,2021-01-06,34.5
1281,334,2024-06-01,92.4
1282,334,2024-06-28,20.85
1283,334,2024-01-26,222.5
1284,335,2020-08-15,13.0
1285,336,2024-12-13,26.0
1286,337,2020-09-14,27.95
1287,337,2022-12-08,11.0
1288,337,2023-04-14,35.5
1289,338,2024-11-26,13.5
1290,339,2020-05-02,23.85
1291,340,2024-08-05,3.85
1292,340,2024-09-03,218.1
1293,340,2024-07-09,146.7
1294,341,2022-03-12,12.5
1295,341,2021-07-31,21.0
1296,342,2025-01-04,13.5
1297,342,2025-01-20,48.0
1298,343,2022-08-26,14.0
1299,344,2021-07-08,11.0
1300,345,2024-12-25,133.85
1301,346,2022-07-15,8.5
1302,346,2022-11-25,22.0
1303,346,2022-04-16,28.4
1304,347,2024-02-24,12.0
1305,348,2022-06-30,201.1
1306,348,2023-01-07,10.5
1307,348,2022-11-27,11.0
1308,348,2023-06-11,36.5
1309,348,2023-04-23,23.5
1310,348,2024-03-12,29.5
1311,348,2024-09-09,46.9
1312,349,2020-11-14,41.4
1313,349,2022-03-08,224.3
1314,350,2023-05-18,194.15
1315,350,2024-04-05,13.0
1316,350,2023-07-23,234.6
1317,350,2024-08-05,14.0
1318,350,2024-02-07,18.4
1319,350,2021-10-29,24.0
1320,350,2022-07-27,47.5
1321,350,2022-11-26,28.79
1322,350,2021-10-21,26.5
1323,350,2022-08-03,10.5
1324,350,2022-01-10,0.0
1325,350,2023-08-12,21.0
1326,351,2022-12-10,12.5
1327,351,2024-08-10,98.4
1328,351,2023-03-21,19.9
1329,352,2024-04-14,182.85
1330,352,2024-03-31,26.0
1331,352,2024-06-14,26.0
1332,353,2019-12-21,32.0
1333,353,2019-07-28,39.5
1334,354,2020-06-28,13.95
1335,354,2024-05-20,7.9
1336,354,2023-09-24,26.0
1337,355,2024-08-28,158.0
1338,355,2024-09-24,76.55
1339,356,2024-04-05,48.0
1340,356,2024-02-10,13.0
1341,356,2024-11-02,176.5
1342,357,2024-07-29,38.75
1343,357,2024-06-18,14.5
1344,357,2021-05-12,23.85
1345,357,2021-09-30,13.0
1346,357,2022-08-21,12.0
1347,357,2023-06-02,11.0
1348,357,2021-05-29,14.0
1349,358,2024-05-20,32.35
1350,358,2023-11-19,10.5
1351,358,2023-07-23,13.5
1352,359,2021-01-28,12.0
1353,359,2020-04-28,0.0
1354,359,2024-09-22,164.15
1355,359,2021-01-06,10.5
1356,360,2020-05-28,7.9
1357,360,2024-08-15,14.0
1358,360,2023-02-01,0.0
1359,360,2024-11-25,23.0
1360,360,2023-03-08,29.3
1361,360,2021-12-14,15.0
1362,360,2020-05-03,158.0
1363,360,2024-05-15,102.65
1364,360,2021-12-07,52.25
1365,360,2020-03-06,18.4
1366,360,2020-09-21,28.95
1367,360,2020-11-02,9.0
1368,360,2021-09-10,38.25
1369,360,2020-11-29,14.0
1370,360,2020-06-11,11.25
1371,360,2020-09-07,32.4
1372,361,2022-12-24,31.4
1373,361,2021-09-26,49.0
1374,362,2020-11-17,26.5
1375,362,2023-09-30,12.0
1376,363,2021-10-27,86.0
1377,363,2022-09-01,35.5
1378,363,2021-07-06,31.9
1379,364,2020-07-12,12.0
1380,364,2021-06-04,0.0
1381,364,2020-09-23,10.5
1382,365,2024-11-13,27.0
1383,365,2024-11-08,101.80
1384,365,2024-11-01,24.5
1385,366,2024-12-14,27.0
1386,367,2024-11-11,0.0
1387,367,2024-12-20,13.5
1388,367,2024-05-18,11.5
1389,368,2024-07-26,13.0
1390,368,2023-01-29,10.5
1391,368,2021-07-05,124.5
1392,369,2021-01-14,21.0
1393,369,2023-05-09,25.5
1394,369,2024-09-19,40.5
1395,369,2022-03-13,91.25
1396,369,2020-06-06,13.5
1397,369,2021-05-13,12.0
1398,369,2023-03-28,113.7
1399,369,2021-04-07,15.8
1400,369,2024-10-14,24.0
1401,369,2021-06-04,22.5
1402,369,2024-06-01,37.5
1403,369,2023-05-15,32.9
1404,370,2023-12-28,30.0
1405,370,2024-10-23,23.0
1406,370,2024-09-21,154.7
1407,371,2024-01-08,33.0
1408,371,2024-07-09,38.5
1409,372,2020-11-26,22.5
1410,372,2020-12-03,37.25
1411,373,2024-08-18,31.0
1412,373,2024-07-22,33.9
1413,373,2024-06-04,33.5
1414,374,2024-05-09,12.5
1415,374,2023-12-17,39.0
1416,375,2024-10-30,11.0
1417,375,2025-01-16,29.35
1418,376,2024-12-15,24.5
1419,377,2023-04-15,116.0
1420,378,2022-04-21,40.0
1421,379,2024-08-14,21.5
1422,380,2024-01-12,10.5
1423,380,2023-11-21,9.5
1424,380,2025-01-12,14.0
1425,380,2024-08-30,36.5
1426,380,2024-07-13,12.0
1427,380,2024-09-27,25.4
1428,380,2024-09-28,51.5
1429,380,2025-01-11,38.5
1430,380,2024-04-15,34.5
1431,380,2023-12-20,114.5
1432,380,2024-01-11,18.4
1433,381,2023-04-17,29.4
1434,381,2020-09-10,22.85
1435,381,2023-08-31,25.5
1436,381,2023-10-23,12.0
1437,382,2022-11-18,55.5
1438,382,2020-01-02,22.5
1439,382,2019-11-05,38.0
1440,382,2021-02-13,23.0
1441,382,2020-02-24,12.5
1442,382,2018-08-20,25.5
1443,382,2021-03-14,66.25
1444,382,2021-10-22,22.0
1445,382,2024-08-07,27.79
1446,382,2024-05-18,19.9
1447,382,2020-04-24,12.5
1448,382,2022-05-21,0.0
1449,382,2020-06-02,26.5
1450,383,2022-04-20,33.5
1451,383,2020-11-14,12.0
1452,383,2022-08-20,209.85
1453,384,2024-08-10,133.79
1454,385,2025-01-12,34.4
1455,385,2024-12-19,39.0
1456,385,2025-01-06,36.25
1457,385,2025-01-01,11.0
1458,385,2024-12-25,24.0
1459,386,2020-05-18,41.5
1460,387,2022-03-04,14.0
1461,387,2023-01-22,39.5
1462,387,2023-01-24,13.5
1463,387,2023-06-29,23.0
1464,387,2024-10-27,138.1
1465,387,2023-04-18,28.5
1466,387,2024-02-16,12.5
1467,387,2023-03-13,19.5
1468,387,2024-10-11,10.5
1469,387,2023-06-22,33.0
1470,387,2023-03-27,12.5
1471,387,2024-12-17,24.0
1472,387,2023-09-10,10.5
1473,387,2023-03-25,28.0
1474,387,2021-10-11,12.0
1475,387,2024-06-25,12.0
1476,387,2022-03-16,12.5
1477,388,2023-08-10,14.5
1478,389,2024-12-12,13.5
1479,389,2024-10-21,13.5
1480,389,2025-01-06,10.5
1481,390,2023-09-28,22.0
1482,390,2024-11-04,13.5
1483,390,2024-04-05,0.0
1484,390,2024-04-19,38.5
1485,390,2024-06-19,10.5
1486,390,2024-02-12,15.5
1487,391,2024-03-01,12.0
1488,391,2024-09-23,169.09
1489,392,2024-11-26,66.9
1490,392,2023-01-02,18.9
1491,392,2021-05-28,23.5
1492,392,2022-04-05,24.0
1493,392,2023-10-24,8.5
1494,392,2021-07-20,147.4
1495,392,2021-01-05,24.5
1496,393,2024-07-19,24.0
1497,393,2022-05-28,14.0
1498,393,2021-05-08,60.5
1499,393,2022-06-25,23.25
1500,394,2020-06-04,13.0
1501,394,2024-10-14,12.5
1502,395,2021-05-17,7.9
1503,396,2024-09-07,136.5
1504,396,2024-07-22,11.0
1505,396,2024-07-25,45.35
1506,397,2024-02-02,99.85
1507,397,2024-06-26,113.4
1508,398,2025-01-21,0.0
1509,398,2025-01-21,10.5
1510,399,2025-01-20,31.0
1511,400,2023-10-05,18.5
1512,400,2021-10-14,48.0
1513,400,2022-12-13,14.5
1514,400,2023-07-10,20.5
1515,401,2023-09-13,23.20
1516,401,2023-05-05,179.0
1517,401,2023-06-19,11.0
1518,402,2024-09-03,49.5
1519,402,2024-10-12,18.9
1520,402,2024-08-01,13.0
1521,402,2024-10-15,56.0
1522,402,2025-01-01,12.5
1523,402,2024-11-01,118.55
1524,403,2024-04-03,46.35
1525,403,2023-12-03,150.3
1526,403,2024-09-24,176.7
1527,403,2024-08-19,18.4
1528,404,2024-07-29,13.95
1529,404,2020-11-20,35.5
1530,405,2023-10-18,142.7
1531,405,2021-03-16,48.5
1532,405,2023-08-26,13.0
1533,405,2021-10-05,13.5
1534,405,2021-05-20,173.4
1535,406,2021-11-23,35.0
1536,406,2024-11-07,24.95
1537,407,2024-12-23,21.75
1538,408,2024-08-11,8.0
1539,408,2024-11-17,0.0
1540,408,2022-09-28,53.5
1541,408,2022-12-21,36.0
1542,408,2023-02-23,29.5
1543,409,2020-07-30,12.5
1544,409,2020-10-07,22.0
1545,409,2020-06-16,22.5
1546,410,2023-05-04,0.0
1547,410,2023-11-12,75.0
1548,410,2022-08-17,36.5
1549,410,2024-02-05,26.0
1550,411,2024-01-23,20.4
1551,412,2021-10-26,8.0
1552,412,2023-01-16,30.9
1553,412,2020-07-18,26.0
1554,413,2024-11-14,22.5
1555,414,2023-08-19,124.75
1556,414,2024-03-31,32.4
1557,415,2024-02-26,64.1
1558,415,2022-08-19,11.0
1559,415,2022-04-25,195.20
1560,415,2023-09-15,12.0
1561,415,2024-06-12,27.0
1562,415,2021-03-30,24.0
1563,415,2022-06-15,92.3
1564,415,2021-07-02,39.0
1565,415,2023-01-30,14.0
1566,415,2024-12-07,24.5
1567,415,2021-11-21,10.5
1568,415,2024-06-03,25.0
1569,415,2021-06-13,13.0
1570,415,2021-12-02,29.8
1571,416,2024-01-03,7.9
1572,416,2023-05-26,24.5
1573,417,2024-10-15,12.5
1574,418,2025-01-16,23.5
1575,418,2023-12-31,91.9
1576,419,2022-11-15,35.5
1577,420,2024-12-29,10.5
1578,421,2024-02-01,31.5
1579,421,2024-04-14,0.0
1580,421,2024-01-09,13.95
1581,421,2024-10-25,15.3
1582,421,2024-06-26,35.0
1583,422,2021-08-18,7.9
1584,422,2023-10-05,12.5
1585,422,2023-08-19,99.15
1586,422,2021-08-28,24.5
1587,422,2021-12-03,27.0
1588,422,2024-05-20,106.9
1589,422,2021-04-21,28.65
1590,423,2024-05-31,163.35
1591,423,2021-03-10,27.5
1592,424,2020-05-13,186.85
1593,424,2019-08-22,21.5
1594,425,2023-07-10,13.0
1595,426,2023-01-31,208.25
1596,427,2022-08-13,24.0
1597,427,2022-09-08,12.0
1598,427,2023-08-11,26.0
1599,428,2020-08-15,21.5
1600,428,2020-04-06,19.15
1601,428,2024-10-14,167.3
1602,428,2020-10-30,26.3
1603,428,2024-04-28,11.0
1604,428,2023-07-09,161.4
1605,428,2020-04-10,7.9
1606,429,2024-09-17,27.0
1607,430,2018-04-08,12.0
1608,430,2020-10-27,36.0
1609,430,2022-06-05,233.35
1610,430,2020-05-12,32.5
1611,430,2021-02-05,21.5
1612,430,2019-10-18,202.0
1613,430,2023-08-12,24.0
1614,431,2022-06-06,0.0
1615,432,2023-06-04,30.3
1616,432,2023-04-28,222.8
1617,432,2023-09-01,11.0
1618,433,2023-08-29,14.0
1619,433,2021-05-15,21.5
1620,433,2021-07-25,32.4
1621,434,2022-03-12,41.9
1622,434,2022-09-15,18.9
1623,434,2024-01-02,11.0
1624,434,2021-03-12,9.5
1625,434,2021-04-06,13.0
1626,434,2023-02-08,24.45
1627,434,2021-12-23,187.15
1628,434,2022-09-04,58.5
1629,434,2021-01-14,38.5
1630,434,2024-04-29,33.7
1631,434,2023-06-29,15.9
1632,435,2024-04-19,17.5
1633,435,2024-07-20,75.5
1634,436,2020-12-13,135.8
1635,436,2024-10-12,10.35
1636,437,2022-02-02,90.0
1637,437,2024-11-27,16.0
1638,438,2023-10-10,25.8
1639,438,2024-06-20,7.9
1640,438,2024-07-23,6.5
1641,438,2023-04-06,23.5
1642,438,2023-11-02,20.4
1643,438,2024-02-05,23.5
1644,438,2023-07-13,22.5
1645,439,2024-11-27,22.5
1646,440,2023-03-24,33.5
1647,441,2025-01-14,14.0
1648,441,2024-09-03,23.0
1649,441,2024-08-02,13.5
1650,441,2024-09-01,15.3
1651,442,2024-11-17,35.5
1652,442,2024-09-16,35.85
1653,442,2024-08-17,47.75
1654,442,2024-10-26,12.0
1655,442,2024-09-03,194.3
1656,442,2024-08-24,10.5
1657,442,2024-10-08,31.4
1658,442,2024-11-09,10.35
1659,442,2024-09-28,13.5
1660,442,2024-09-16,12.5
1661,442,2024-12-05,11.25
1662,442,2024-10-11,28.3
1663,442,2025-01-18,182.6
1664,442,2024-12-20,0.0
1665,442,2024-08-24,24.0
1666,442,2024-09-25,23.0
1667,442,2024-12-16,60.75
1668,442,2024-12-27,24.45
1669,443,2022-05-03,12.0
1670,443,2019-10-25,37.0
1671,443,2019-05-16,23.5
1672,443,2020-09-07,36.5
1673,443,2023-01-09,27.5
1674,443,2023-06-03,28.5
1675,443,2021-01-09,21.4
1676,443,2022-05-21,220.55
1677,443,2020-06-07,35.0
1678,443,2021-08-30,121.5
1679,444,2024-07-07,25.0
1680,444,2024-10-12,11.0
1681,445,2022-07-07,23.0
1682,445,2023-01-09,81.85
1683,446,2021-09-28,36.0
1684,446,2021-05-24,14.0
1685,447,2021-04-14,25.0
1686,447,2021-06-04,10.5
1687,447,2022-06-12,28.0
1688,447,2021-04-30,23.3
1689,447,2021-02-09,145.0
1690,447,2024-05-12,43.5
1691,447,2021-01-23,47.85
1692,448,2025-01-09,51.0
1693,448,2024-11-26,23.75
1694,448,2025-01-11,36.0
1695,449,2023-05-08,14.85
1696,449,2022-10-13,14.0
1697,450,2022-07-29,12.5
1698,450,2021-05-02,28.0
1699,451,2023-08-09,12.5
1700,452,2022-08-17,42.3
1701,452,2020-06-20,12.5
1702,452,2020-06-07,90.0
1703,452,2021-05-23,28.8
1704,452,2020-05-10,25.0
1705,453,2023-10-30,52.0
1706,453,2021-07-28,13.5
1707,453,2019-09-17,12.0
1708,454,2020-06-22,13.5
1709,454,2020-06-24,18.9
1710,454,2024-07-21,31.4
1711,455,2023-08-06,38.0
1712,455,2020-02-12,36.0
1713,456,2020-07-20,35.5
1714,457,2020-09-14,249.2
1715,457,2020-07-03,13.5
1716,458,2024-11-03,14.5
1717,459,2022-07-06,21.5
1718,459,2023-09-08,225.45
1719,459,2024-11-08,13.0
1720,459,2023-07-25,33.4
1721,459,2022-02-05,5.0
1722,460,2022-09-20,209.4
1723,460,2024-06-20,12.5
1724,460,2020-07-07,26.0
1725,460,2023-11-25,42.0
1726,460,2021-06-11,14.0
1727,460,2021-05-09,19.15
1728,460,2024-07-31,36.0
1729,461,2024-06-08,24.5
1730,462,2021-01-18,186.0
1731,462,2021-10-22,25.0
1732,463,2023-03-09,16.9
1733,463,2024-01-29,34.35
1734,463,2022-12-07,21.5
1735,463,2022-07-08,21.9
1736,464,2019-11-04,37.8
1737,464,2023-12-15,114.5
1738,464,2021-01-27,24.0
1739,464,2020-02-27,27.5
1740,464,2023-07-18,12.0
1741,464,2020-12-29,43.65
1742,464,2024-01-07,14.5
1743,464,2021-05-12,6.5
1744,464,2020-03-19,119.0
1745,465,2023-07-27,48.5
1746,465,2020-02-01,38.85
1747,465,2021-01-27,23.0
1748,465,2021-05-17,8.0
1749,465,2023-01-14,25.25
1750,465,2020-06-06,14.0
1751,465,2020-06-04,10.5
1752,465,2021-08-19,49.5
1753,465,2019-10-29,13.5
1754,465,2021-07-05,38.5
1755,465,2020-10-07,13.5
1756,465,2021-09-14,9.5
1757,465,2019-11-25,24.5
1758,466,2021-06-15,18.4
1759,467,2022-11-10,36.5
1760,467,2020-06-06,16.0
1761,467,2020-04-05,10.5
1762,467,2022-04-20,56.5
1763,468,2024-10-12,32.4
1764,468,2020-08-06,11.0
1765,469,2023-06-24,34.9
1766,469,2021-11-01,46.0
1767,469,2022-07-21,40.4
1768,469,2020-01-08,38.0
1769,469,2023-10-20,23.0
1770,469,2022-01-09,27.95
1771,469,2024-09-14,12.0
1772,470,2021-05-04,11.0
1773,470,2022-05-29,12.5
1774,471,2020-05-30,26.0
1775,471,2024-04-19,13.5
1776,471,2020-03-17,52.0
1777,471,2021-02-22,135.95
1778,471,2020-03-19,38.5
1779,471,2020-05-28,12.5
1780,471,2022-03-25,30.9
1781,471,2022-11-13,24.0
1782,471,2020-12-26,24.5
1783,471,2024-12-01,26.0
1784,472,2021-05-25,22.4
1785,472,2022-10-09,12.0
1786,473,2024-05-13,14.0
1787,473,2024-03-16,13.5
1788,473,2022-04-01,129.5
1789,473,2020-06-02,168.7
1790,473,2021-02-20,146.0
1791,473,2022-05-31,21.9
1792,473,2020-06-16,23.0
1793,473,2020-04-06,7.9
1794,473,2020-04-15,24.0
1795,473,2023-05-21,11.0
1796,473,2020-05-04,29.4
1797,473,2020-06-23,12.5
1798,473,2020-05-31,123.65
1799,473,2023-08-07,22.85
1800,473,2022-03-29,23.5
1801,473,2022-06-01,40.0
1802,473,2022-01-07,9.5
1803,473,2020-02-14,24.5
1804,473,2024-03-02,30.8
1805,473,2023-09-08,186.6
1806,474,2020-10-29,26.9
1807,475,2023-07-13,171.15
1808,475,2024-12-28,32.0
1809,475,2021-07-05,47.5
1810,475,2021-03-27,32.4
1811,475,2024-08-21,23.0
1812,475,2023-04-29,25.0
1813,475,2022-06-03,25.0
1814,476,2024-05-31,172.3
1815,476,2024-11-24,14.0
1816,476,2024-09-20,35.7
1817,477,2020-04-26,0.0
1818,478,2023-10-11,128.5
1819,478,2024-06-01,35.5
1820,479,2022-08-24,40.0
1821,479,2021-11-25,0.0
1822,479,2023-11-05,13.5
1823,480,2023-06-02,13.5
1824,480,2021-10-31,23.5
1825,480,2021-05-20,14.0
1826,481,2023-12-21,105.0
1827,481,2024-04-01,48.5
1828,482,2025-01-21,14.0
1829,482,2024-07-20,31.9
1830,482,2025-01-13,131.15
1831,483,2021-01-23,46.4
1832,484,2020-07-02,192.7
1833,484,2024-10-16,13.0
1834,484,2020-11-18,10.5
1835,485,2023-10-29,48.2
1836,485,2024-01-03,6.5
1837,486,2023-08-12,204.25
1838,487,2021-12-15,13.5
1839,487,2020-05-16,201.79
1840,487,2023-07-23,13.0
1841,488,2020-03-22,11.25
1842,488,2020-04-28,40.0
1843,488,2024-06-23,23.5
1844,488,2023-10-11,13.95
1845,488,2022-09-06,35.0
1846,488,2020-06-07,27.5
1847,488,2022-02-05,0.0
1848,488,2020-11-22,27.0
1849,488,2025-01-10,0.0
1850,488,2023-07-23,13.95
1851,488,2023-05-26,55.5
1852,488,2024-02-18,21.4
1853,488,2021-10-30,28.35
1854,488,2021-01-17,13.5
1855,489,2020-09-11,0.0
1856,489,2024-04-01,7.9
1857,489,2020-12-12,37.0
1858,490,2021-09-13,24.0
1859,491,2022-04-07,172.75
1860,491,2024-07-25,62.0
1861,491,2023-01-30,49.35
1862,491,2022-03-16,13.0
1863,491,2021-10-16,16.85
1864,492,2021-07-24,13.95
1865,492,2020-07-11,26.0
1866,493,2023-08-02,10.5
1867,493,2023-08-29,13.0
1868,493,2024-01-31,28.9
1869,493,2021-04-04,0.0
1870,494,2024-03-28,39.25
1871,494,2023-10-08,12.5
1872,494,2024-10-06,36.5
1873,495,2020-11-07,13.5
1874,495,2020-03-13,31.0
1875,495,2020-07-27,215.65
1876,495,2020-12-15,17.0
1877,495,2021-03-26,131.0
1878,495,2023-02-18,12.0
1879,495,2022-05-04,34.5
1880,495,2020-12-29,12.0
1881,495,2020-11-26,13.0
1882,495,2024-03-27,27.5
1883,495,2024-08-06,18.9
1884,495,2021-06-30,15.0
1885,496,2020-06-05,20.0
1886,496,2020-05-15,33.0
1887,497,2023-09-03,22.0
1888,498,2024-05-05,0.0
1889,498,2024-07-07,135.5
1890,498,2024-10-16,18.9
1891,499,2022-11-06,10.5
1892,499,2024-12-27,40.5
1893,500,2021-12-22,35.75
1894,501,2019-12-05,177.6
1895,502,2021-02-20,26.5
1896,502,2021-04-08,34.5
1897,502,2023-11-06,24.35
1898,502,2022-12-20,103.5
1899,502,2020-12-18,20.9
1900,502,2021-04-09,204.9
1901,502,2021-09-30,41.0
1902,503,2023-09-14,10.5
1903,503,2021-10-12,13.0
1904,503,2022-07-10,11.0
1905,504,2020-03-10,82.9
1906,504,2024-10-15,26.0
1907,504,2020-11-23,7.9
1908,504,2022-07-17,47.5
1909,504,2020-06-10,13.5
1910,505,2023-06-20,30.9
1911,506,2020-08-13,34.5
1912,507,2020-06-04,24.0
1913,507,2022-10-19,42.4
1914,508,2021-03-29,168.05
1915,509,2021-01-07,42.9
1916,509,2021-03-25,124.5
1917,510,2024-06-03,13.0
1918,510,2024-08-14,36.75
1919,510,2023-08-14,12.0
1920,511,2023-04-26,59.9
1921,511,2020-07-13,158.35
1922,511,2019-06-29,6.5
1923,511,2021-04-02,29.3
1924,511,2021-11-20,12.5
1925,511,2024-09-14,13.0
1926,511,2020-03-15,12.0
1927,511,2021-05-04,159.0
1928,511,2022-01-26,39.4
1929,511,2019-03-02,25.0
1930,511,2021-01-07,18.9
1931,511,2019-09-10,21.9
1932,511,2021-02-24,54.0
1933,511,2021-02-04,5.0
1934,511,2021-11-30,15.0
1935,511,2023-12-02,33.5
1936,511,2020-03-27,174.65
1937,511,2021-03-12,11.0
1938,512,2024-09-13,0.0
1939,513,2024-05-12,44.45
1940,513,2024-12-25,22.25
1941,513,2023-02-15,36.0
1942,513,2021-12-23,20.5
1943,514,2023-10-15,10.5
1944,515,2023-12-27,52.5
1945,516,2024-05-17,6.5
1946,517,2019-08-06,12.0
1947,517,2023-11-26,13.0
1948,517,2022-06-23,12.5
1949,517,2021-07-31,26.0
1950,517,2023-02-10,0.0
1951,517,2021-09-23,12.0
1952,517,2022-06-01,69.9
1953,517,2019-12-06,49.4
1954,518,2023-05-02,12.0
1955,518,2022-08-17,7.9
1956,519,2023-12-24,48.5
1957,519,2021-10-31,25.0
1958,519,2024-05-22,183.70
1959,519,2023-04-21,149.25
1960,520,2024-01-10,25.0
1961,520,2024-09-20,12.5
1962,520,2023-11-19,24.5
1963,521,2024-03-12,53.75
1964,521,2021-09-13,15.3
1965,521,2022-03-14,32.5
1966,521,2021-03-15,46.9
1967,521,2022-03-03,13.5
1968,521,2020-12-15,14.0
1969,521,2024-10-09,24.0
1970,521,2021-01-26,12.5
1971,521,2021-05-01,9.0
1972,521,2021-05-12,21.9
1973,521,2022-07-15,12.0
1974,522,2020-12-30,193.4
1975,523,2021-02-03,10.5
1976,523,2020-10-05,19.0
1977,524,2023-07-02,7.9
1978,524,2023-03-05,14.0
1979,524,2021-05-17,37.5
1980,525,2023-01-05,27.0
1981,525,2022-08-07,31.5
1982,525,2022-02-16,57.5
1983,526,2022-01-03,76.7
1984,526,2022-08-06,36.95
1985,527,2021-02-21,114.19
1986,527,2020-09-20,10.5
1987,527,2021-09-24,14.5
1988,528,2024-12-17,162.45
1989,528,2025-01-20,28.0
1990,529,2024-10-17,9.5
1991,530,2020-09-14,30.3
1992,530,2022-05-11,202.5
1993,530,2020-09-09,34.4
1994,531,2019-05-12,10.5
1995,532,2019-05-15,224.75
1996,533,2023-07-05,43.4
1997,533,2021-05-08,10.5
1998,533,2020-06-15,23.5
1999,533,2020-12-31,34.9
2000,533,2021-06-13,10.5
2001,533,2020-03-12,12.5
2002,533,2021-02-02,122.75
2003,534,2021-12-11,57.0
2004,535,2021-02-22,24.5
2005,535,2020-04-03,62.4
2006,535,2023-03-31,14.0
2007,535,2021-04-09,27.5
2008,535,2021-12-04,160.8
2009,535,2021-07-19,32.5
2010,535,2020-01-19,11.5
2011,536,2020-08-17,13.0
2012,537,2022-11-19,47.0
2013,537,2020-04-16,47.0
2014,538,2024-04-18,11.0
2015,539,2020-05-17,28.0
2016,540,2021-10-08,22.5
2017,541,2021-07-23,216.15
2018,542,2024-11-29,10.5
2019,542,2024-11-29,25.0
2020,542,2024-11-29,44.5
2021,543,2021-03-01,25.5
2022,543,2021-04-25,11.25
2023,543,2020-04-24,23.0
2024,543,2021-05-30,10.5
2025,543,2020-01-10,202.3
2026,543,2019-03-06,49.4
2027,543,2023-02-24,22.5
2028,543,2020-03-04,14.5
2029,543,2022-05-02,29.9
2030,543,2023-02-07,152.95
2031,543,2022-04-14,14.0
2032,543,2020-06-01,44.0
2033,543,2020-05-03,10.5
2034,543,2022-05-21,13.5
2035,543,2024-05-03,41.0
2036,543,2019-10-17,193.5
2037,543,2020-06-13,22.5
2038,543,2020-11-01,0.0
2039,543,2021-02-13,10.5
2040,544,2021-06-03,27.5
2041,544,2023-09-06,32.5
2042,545,2024-10-31,18.9
2043,545,2024-11-21,11.25
2044,545,2025-01-02,25.25
2045,545,2024-11-03,22.0
2046,546,2024-01-03,40.0
2047,546,2024-01-10,192.65
2048,546,2024-10-19,24.0
2049,547,2024-05-20,119.9
2050,547,2024-05-06,13.0
2051,548,2021-01-12,49.0
2052,549,2022-01-13,25.5
2053,549,2023-12-05,87.0
2054,550,2024-10-29,10.5
2055,551,2024-10-10,38.0
2056,551,2024-11-28,24.5
2057,551,2024-07-17,46.35
2058,551,2024-11-19,13.5
2059,551,2024-09-22,10.5
2060,551,2024-08-25,11.0
2061,551,2024-09-08,13.5
2062,552,2023-07-18,32.0
2063,553,2024-06-08,12.5
2064,554,2020-06-24,61.0
2065,554,2020-07-19,220.0
2066,554,2023-11-20,24.5
2067,555,2025-01-08,11.0
2068,555,2023-08-28,41.95
2069,555,2023-10-01,156.25
2070,556,2020-03-02,6.5
2071,557,2022-03-20,37.0
2072,557,2020-11-27,22.5
2073,557,2023-12-22,13.0
2074,557,2023-11-09,13.0
2075,557,2023-05-29,31.4
2076,557,2020-10-17,27.5
2077,557,2024-02-21,27.5
2078,558,2024-11-13,21.9
2079,558,2020-12-31,19.9
2080,559,2024-11-01,21.9
2081,559,2024-06-12,66.9
2082,560,2020-12-04,3.85
2083,560,2022-11-22,25.5
2084,560,2023-05-08,11.0
2085,560,2021-04-13,25.95
2086,560,2021-01-04,18.9
2087,560,2020-12-29,27.0
2088,560,2021-05-22,37.8
2089,561,2020-09-20,25.25
2090,561,2022-02-06,14.0
2091,562,2022-08-07,132.75
2092,562,2024-02-13,36.0
2093,562,2023-11-11,10.5
2094,562,2023-10-05,23.0
2095,562,2023-07-07,26.5
2096,562,2021-12-07,12.0
2097,562,2024-11-21,25.0
2098,562,2023-03-31,15.0
2099,563,2020-05-08,42.5
2100,563,2021-08-30,13.0
2101,563,2020-10-10,28.0
2102,563,2020-08-04,13.5
2103,563,2021-04-23,21.75
2104,563,2020-10-14,36.0
2105,563,2022-06-29,38.5
2106,563,2021-03-15,12.0
2107,563,2020-11-07,194.0
2108,564,2023-07-31,26.0
2109,564,2021-06-02,11.0
2110,564,2021-07-13,20.4
2111,564,2024-10-07,190.4
2112,565,2021-04-22,20.4
2113,566,2024-10-13,35.5
2114,566,2021-01-29,24.25
2115,566,2021-05-15,16.35
2116,567,2022-09-18,7.9
2117,568,2020-08-02,14.0
2118,568,2021-01-20,41.0
2119,568,2021-11-08,26.0
2120,569,2024-08-14,111.0
2121,569,2020-11-03,11.0
2122,569,2023-04-20,24.95
2123,570,2024-10-10,106.9
2124,570,2021-07-15,18.85
2125,571,2018-10-25,15.0
2126,571,2020-12-06,28.5
2127,571,2021-03-28,36.0
2128,572,2024-12-29,25.5
2129,572,2024-12-22,14.0
2130,572,2025-01-13,38.5
2131,572,2025-01-21,12.0
2132,572,2025-01-05,14.35
2133,572,2025-01-03,57.5
2134,573,2022-11-11,88.5
2135,573,2020-10-13,70.5
2136,574,2023-07-01,112.75
2137,574,2023-12-11,11.25
2138,574,2024-03-31,160.6
2139,574,2023-06-24,15.9
2140,574,2024-10-26,27.5
2141,574,2023-09-23,24.5
2142,575,2021-01-16,120.85
2143,575,2023-03-20,23.75
2144,575,2024-12-20,26.5
2145,576,2022-06-09,11.0
2146,576,2023-06-28,14.0
2147,576,2024-11-29,35.4
2148,577,2023-07-12,24.0
2149,577,2024-06-22,150.25
2150,577,2024-10-23,26.5
2151,577,2024-08-02,21.0
2152,578,2023-06-24,12.5
2153,578,2021-12-21,21.5
2154,578,2022-06-23,14.0
2155,578,2024-01-30,12.5
2156,578,2023-08-18,11.0
2157,578,2024-12-12,26.95
2158,578,2021-10-02,24.5
2159,578,2024-07-01,212.25
2160,578,2023-01-18,28.5
2161,578,2024-09-23,10.5
2162,578,2023-09-13,29.0
2163,578,2021-09-02,21.5
2164,578,2022-06-19,34.0
2165,578,2024-11-16,11.0
2166,578,2024-05-23,22.5
2167,578,2023-06-06,10.5
2168,578,2024-10-28,36.5
2169,578,2023-11-07,36.4
2170,578,2023-10-25,222.45
2171,579,2023-08-07,148.4
2172,580,2022-03-19,13.5
2173,580,2022-04-12,12.5
2174,580,2022-08-29,22.9
2175,581,2022-07-19,13.5
2176,581,2020-11-05,34.0
2177,581,2024-09-23,23.0
2178,581,2021-05-10,35.5
2179,581,2022-06-04,13.0
2180,581,2021-04-29,13.5
2181,581,2024-10-31,12.5
2182,581,2021-03-28,13.0
2183,581,2020-11-26,54.35
2184,581,2020-11-10,0.0
2185,581,2021-07-24,10.5
2186,581,2020-08-07,32.4
2187,581,2023-07-16,133.25
2188,581,2024-02-03,38.5
2189,581,2020-07-17,32.5
2190,582,2024-12-18,47.4
2191,583,2024-05-01,7.9
2192,583,2024-10-30,36.5
2193,583,2025-01-11,11.0
2194,583,2023-11-30,14.5
2195,583,2024-10-01,11.0
2196,583,2023-09-05,212.1
2197,583,2023-08-13,46.85
2198,583,2024-02-13,34.0
2199,583,2024-05-26,122.0
2200,583,2024-12-13,11.0
2201,583,2023-09-09,12.0
2202,583,2024-07-27,83.0
2203,583,2024-04-04,20.4
2204,583,2023-11-09,47.85
2205,583,2025-01-04,12.0
2206,583,2024-04-23,6.5
2207,584,2024-12-03,21.5
2208,584,2024-10-18,19.5
2209,584,2024-11-08,25.5
2210,585,2021-05-27,12.5
2211,586,2024-06-30,35.85
2212,586,2023-07-27,13.5
2213,586,2024-06-25,182.64
2214,586,2023-04-10,27.0
2215,586,2023-02-20,40.5
2216,586,2023-01-27,22.5
2217,587,2024-11-23,27.0
2218,587,2024-09-23,26.0
2219,587,2024-10-27,12.0
2220,587,2024-07-24,93.35
2221,588,2020-03-07,46.3
2222,588,2024-05-21,12.5
2223,588,2020-11-13,33.4
2224,588,2024-01-24,167.8
2225,588,2022-11-14,14.0
2226,588,2022-04-12,21.0
2227,589,2020-12-21,12.0
2228,589,2020-03-20,53.95
2229,590,2023-10-28,18.5
2230,590,2023-09-01,57.4
2231,590,2024-06-28,14.0
2232,590,2023-01-24,0.0
2233,590,2024-11-17,38.0
2234,591,2023-04-22,35.85
2235,591,2022-09-05,35.5
2236,592,2024-05-26,12.0
2237,592,2023-11-09,21.0
2238,592,2024-12-20,25.65
2239,592,2024-11-17,35.25
2240,592,2024-01-08,13.0
2241,592,2023-10-26,24.0
2242,592,2023-12-14,22.0
2243,592,2024-05-15,20.0
2244,592,2023-11-01,21.75
2245,592,2024-05-06,18.95
2246,592,2024-10-22,11.25
2247,592,2024-10-16,30.5
2248,593,2021-05-02,23.5
2249,593,2020-11-29,13.0
2250,593,2022-02-16,35.0
2251,594,2024-05-31,22.0
2252,595,2024-04-17,35.5
2253,596,2020-02-28,24.0
2254,596,2022-12-22,30.9
2255,597,2021-03-11,82.35
2256,597,2020-07-21,13.95
2257,598,2024-11-22,122.8
2258,598,2024-07-19,72.45
2259,598,2023-08-01,66.0
2260,599,2023-01-26,14.0
2261,599,2022-10-31,20.0
2262,600,2021-09-28,24.75
2263,600,2021-05-09,12.0
2264,601,2022-04-07,22.5
2265,601,2021-03-17,39.0
2266,601,2024-05-12,30.75
2267,601,2021-03-06,21.4
2268,601,2020-10-13,11.0
2269,601,2021-03-16,42.35
2270,602,2024-04-01,0.0
2271,603,2020-11-07,68.0
2272,603,2022-10-22,11.0
2273,604,2024-05-06,24.0
2274,604,2024-07-04,13.0
2275,604,2024-11-03,27.5
2276,604,2024-07-26,13.0
2277,604,2024-01-20,26.0
2278,604,2024-04-29,9.0
2279,605,2023-11-25,7.9
2280,605,2023-04-10,44.25
2281,606,2022-04-15,20.5
2282,606,2022-12-02,27.5
2283,607,2024-01-23,25.0
2284,608,2021-12-21,13.5
2285,609,2023-09-09,22.0
2286,610,2022-07-08,51.0
2287,610,2024-09-23,27.0
2288,610,2023-06-20,125.5
2289,610,2021-03-21,15.3
2290,610,2023-09-10,49.25
2291,610,2024-05-21,26.0
2292,610,2021-03-16,27.5
2293,610,2021-06-11,26.0
2294,610,2023-12-27,9.5
2295,610,2024-03-31,34.45
2296,610,2023-02-28,11.25
2297,611,2020-11-15,14.0
2298,611,2024-10-02,24.5
2299,611,2021-03-13,12.0
2300,612,2024-12-31,22.85
2301,612,2024-04-27,11.0
2302,612,2025-01-03,7.9
2303,613,2021-01-16,162.4
2304,613,2020-11-26,13.0
2305,613,2022-05-17,67.15
2306,613,2021-10-16,188.3
2307,613,2023-01-20,17.0
2308,613,2025-01-05,8.0
2309,613,2021-02-23,13.0
2310,613,2021-03-08,12.0
2311,613,2020-07-23,23.0
2312,613,2024-01-15,40.5
2313,613,2025-01-20,22.5
2314,613,2021-02-17,14.0
2315,613,2020-11-21,13.5
2316,613,2023-10-07,105.5
2317,613,2024-11-26,13.5
2318,614,2024-07-25,19.5
2319,614,2021-05-26,90.5
2320,614,2023-07-18,3.85
2321,614,2022-09-07,21.5
2322,614,2023-12-18,25.95
2323,614,2025-01-05,13.95
2324,615,2024-07-13,22.0
2325,616,2023-06-06,26.0
2326,616,2024-03-03,81.75
2327,616,2024-11-09,52.0
2328,616,2024-07-26,21.4
2329,616,2024-06-27,19.9
2330,616,2023-01-31,24.5
2331,617,2021-01-14,24.5
2332,617,2024-09-18,25.0
2333,618,2024-08-01,25.0
2334,618,2024-07-24,7.9
2335,618,2024-08-25,26.0
2336,618,2024-10-05,50.5
2337,618,2024-12-02,26.5
2338,618,2024-09-16,21.5
2339,618,2024-12-09,10.5
2340,619,2021-11-06,47.0
2341,619,2023-05-11,12.0
2342,619,2022-07-28,147.35
2343,619,2024-08-08,39.0
2344,619,2023-05-17,26.0
2345,619,2024-12-23,195.70
2346,619,2022-07-04,47.4
2347,619,2022-06-13,11.0
2348,619,2024-01-03,27.5
2349,619,2024-11-01,0.0
2350,620,2021-09-23,156.0
2351,620,2024-05-28,13.0
2352,620,2021-03-11,31.4
2353,620,2020-09-20,207.9
2354,620,2024-06-23,14.0
2355,621,2020-03-11,6.5
2356,622,2024-11-23,13.5
2357,623,2023-02-14,23.5
2358,624,2023-05-03,13.0
2359,624,2021-09-26,153.65
2360,625,2024-12-21,35.0
2361,625,2024-02-24,28.0
2362,625,2024-09-17,11.0
2363,625,2024-12-22,33.1
2364,625,2024-03-13,101.4
2365,626,2024-12-24,11.0
2366,626,2024-03-12,25.0
2367,627,2020-11-16,13.5
2368,627,2021-05-31,174.25
2369,628,2021-07-16,13.0
2370,629,2022-01-31,16.35
2371,629,2023-12-07,33.0
2372,629,2020-07-16,8.0
2373,629,2023-04-02,0.0
2374,629,2023-03-28,12.0
2375,629,2020-11-11,21.0
2376,629,2024-08-12,113.85
2377,629,2020-07-26,21.0
2378,629,2020-06-15,21.4
2379,629,2021-03-23,120.5
2380,629,2024-07-05,20.9
2381,629,2021-04-22,97.1
2382,629,2023-07-19,11.0
2383,629,2020-11-09,23.0
2384,629,2020-08-15,13.0
2385,629,2020-03-27,22.5
2386,629,2020-09-15,11.25
2387,629,2020-08-16,34.4
2388,629,2023-11-24,23.0
2389,629,2021-02-09,192.50
2390,630,2023-04-09,13.5
2391,630,2023-06-23,10.5
2392,630,2023-09-02,125.5
2393,631,2021-05-22,24.5
2394,631,2024-06-03,11.0
2395,631,2020-03-16,9.0
2396,631,2021-05-22,13.0
2397,631,2020-09-13,32.0
2398,631,2022-02-17,42.9
2399,631,2020-06-21,7.9
2400,632,2022-11-14,12.0
2401,632,2024-11-09,20.0
2402,633,2023-08-23,46.85
2403,634,2024-07-08,27.3
2404,634,2024-11-08,70.4
2405,635,2022-11-10,14.0
2406,635,2022-02-21,44.0
2407,635,2020-09-10,5.0
2408,636,2024-11-15,0.0
2409,636,2024-09-02,21.5
2410,637,2020-12-19,13.5
2411,637,2023-06-06,9.5
2412,638,2024-06-10,44.5
2413,639,2022-06-02,125.9
2414,640,2022-03-18,22.0
2415,641,2024-12-23,35.4
2416,642,2020-08-07,14.5
2417,642,2023-09-10,20.9
2418,643,2022-05-07,19.5
2419,643,2020-07-09,39.0
2420,644,2022-10-11,27.5
2421,644,2023-12-16,11.0
2422,645,2024-06-11,51.5
2423,645,2024-07-01,12.0
2424,645,2023-02-01,22.0
2425,645,2024-11-24,40.3
2426,646,2024-07-25,33.5
2427,647,2023-07-14,20.0
2428,647,2022-10-21,8.5
2429,647,2024-12-01,14.5
2430,647,2023-01-10,14.0
2431,647,2024-11-13,44.0
2432,647,2024-03-02,96.95
2433,647,2023-04-23,35.95
2434,647,2022-06-27,12.5
2435,647,2024-08-10,45.0
2436,647,2023-04-28,27.5
2437,647,2023-10-24,13.5
2438,647,2023-01-11,12.0
2439,648,2021-12-05,31.0
2440,649,2020-10-05,10.5
2441,649,2021-05-06,65.25
2442,650,2020-12-09,0.0
2443,650,2021-03-13,44.8
2444,650,2022-01-20,48.45
2445,651,2024-09-19,56.3
2446,651,2021-09-24,35.0
2447,652,2024-04-15,218.5
2448,653,2022-10-25,11.0
2449,653,2023-11-06,25.0
2450,653,2023-07-21,38.5
2451,654,2021-09-18,51.0
2452,654,2021-02-25,11.0
2453,655,2022-08-22,36.5
2454,655,2023-12-05,23.5
2455,655,2023-03-17,15.5
2456,655,2024-09-15,13.95
2457,655,2023-08-23,14.0
2458,655,2021-03-30,24.0
2459,655,2024-06-03,22.5
2460,655,2024-09-09,24.5
2461,655,2022-05-23,12.5
2462,655,2024-01-10,13.0
2463,656,2025-01-05,128.0
2464,656,2025-01-12,22.0
2465,657,2022-04-07,35.35
2466,657,2020-03-29,32.0
2467,657,2019-08-21,25.0
2468,657,2020-04-17,13.5
2469,658,2022-10-06,27.95
2470,659,2023-04-21,14.0
2471,659,2022-09-30,22.5
2472,660,2023-08-12,31.5
2473,660,2023-07-22,36.5
2474,661,2020-06-27,38.5
2475,661,2020-10-09,26.5
2476,661,2021-08-07,13.5
2477,661,2021-08-28,24.5
2478,661,2020-06-03,14.0
2479,661,2019-01-19,118.3
2480,661,2022-01-02,12.5
2481,661,2020-07-15,42.5
2482,661,2023-06-11,13.5
2483,662,2024-03-16,73.05
2484,662,2023-12-14,0.0
2485,662,2025-01-05,34.5
2486,662,2024-03-26,11.0
2487,662,2023-12-22,8.0
2488,662,2024-12-04,21.9
2489,662,2024-09-29,113.0
2490,662,2024-05-25,14.0
2491,662,2024-07-08,125.65
2492,662,2024-11-03,14.5
2493,662,2024-09-18,35.5
2494,662,2024-12-15,13.5
2495,662,2024-07-15,94.9
2496,662,2024-05-26,27.0
2497,662,2024-01-08,13.0
2498,662,2024-04-21,159.4
2499,663,2024-08-19,19.5
2500,664,2023-10-14,17.0
2501,664,2023-01-25,12.35
2502,664,2024-07-17,37.5
2503,664,2023-10-11,12.0
2504,664,2024-11-06,13.5
2505,664,2024-03-08,10.5
2506,664,2024-10-19,22.5
2507,664,2024-02-08,12.0
2508,665,2023-08-01,20.9
2509,665,2024-06-13,13.5
2510,665,2024-12-16,61.15
2511,665,2023-02-15,51.0
2512,665,2023-10-13,23.5
2513,665,2023-03-30,25.0
2514,665,2024-05-05,14.5
2515,665,2024-01-29,35.0
2516,665,2024-04-17,10.5
2517,665,2024-09-08,23.0
2518,665,2023-02-08,0.0
2519,665,2023-09-09,97.2
2520,665,2023-05-31,38.5
2521,665,2022-08-31,26.5
2522,665,2025-01-13,41.0
2523,665,2022-12-19,20.5
2524,666,2024-07-15,27.0
2525,666,2024-11-28,43.9
2526,666,2024-07-14,149.3
2527,666,2024-10-12,14.85
2528,666,2024-09-20,38.0
2529,666,2024-10-04,19.5
2530,666,2024-09-21,15.0
2531,666,2024-12-06,26.5
2532,666,2024-06-20,45.9
2533,666,2025-01-05,188.3
2534,666,2024-08-18,10.5
2535,666,2024-09-24,13.0
2536,666,2025-01-05,12.0
2537,667,2023-02-24,15.5
2538,668,2020-11-07,39.9
2539,669,2023-01-11,11.0
2540,669,2022-04-29,25.0
2541,670,2022-02-17,35.25
2542,670,2023-07-27,24.0
2543,670,2024-11-04,124.9
2544,670,2024-11-15,15.0
2545,670,2022-01-28,14.0
2546,670,2024-09-12,188.5
2547,671,2024-04-02,3.85
2548,671,2024-10-04,18.5
2549,672,2022-10-11,24.0
2550,673,2024-07-05,25.95
2551,673,2024-09-05,24.0
2552,673,2024-11-01,55.35
2553,674,2024-11-02,20.4
2554,674,2024-12-10,86.5
2555,674,2024-06-26,33.5
2556,674,2024-08-04,14.0
2557,674,2024-11-04,74.0
2558,674,2024-07-06,46.4
2559,675,2024-04-09,111.9
2560,675,2021-04-25,112.0
2561,675,2021-05-31,24.0
2562,675,2020-12-06,12.0
2563,676,2022-07-17,27.45
2564,676,2020-06-12,11.0
2565,676,2022-02-02,0.0
2566,676,2023-04-24,10.5
2567,676,2020-04-20,26.0
2568,676,2021-01-31,24.0
2569,676,2020-08-05,141.5
2570,676,2021-10-31,13.0
2571,676,2020-12-02,65.9
2572,676,2020-07-19,12.5
2573,676,2022-11-19,29.5
2574,676,2021-05-05,12.5
2575,676,2020-03-09,37.0
2576,676,2020-05-03,18.9
2577,676,2021-04-07,23.0
2578,676,2024-08-05,45.9
2579,676,2022-07-24,0.0
2580,676,2019-12-11,12.5
2581,676,2020-03-25,195.8
2582,676,2020-03-24,0.0
2583,677,2024-12-21,10.5
2584,677,2024-12-10,27.0
2585,678,2024-01-15,112.95
2586,679,2019-06-13,117.85
2587,679,2023-07-29,24.45
2588,679,2023-03-08,0.0
2589,679,2024-10-06,24.0
2590,679,2020-07-27,23.0
2591,679,2019-09-05,199.4
2592,679,2019-06-09,22.0
2593,680,2024-09-03,167.7
2594,680,2024-07-15,28.0
2595,680,2024-09-13,41.0
2596,680,2024-05-31,5.0
2597,680,2024-07-07,41.75
2598,680,2024-06-30,39.3
2599,680,2024-07-07,71.85
2600,680,2025-01-07,14.0
2601,680,2024-08-11,10.5
2602,681,2023-12-23,13.0
2603,681,2024-08-31,19.9
2604,681,2024-12-29,11.0
2605,681,2024-09-16,12.5
2606,681,2024-07-03,11.0
2607,681,2024-06-09,35.5
2608,681,2024-09-21,148.25
2609,681,2024-04-17,12.5
2610,681,2024-06-26,6.5
2611,681,2024-02-11,42.9
2612,681,2025-01-15,160.9
2613,681,2024-02-22,87.5
2614,681,2024-09-21,25.5
2615,681,2024-07-14,66.0
2616,681,2024-06-19,25.0
2617,681,2024-06-25,28.0
2618,681,2024-02-19,95.0
2619,681,2024-09-08,21.5
2620,682,2021-04-14,42.8
2621,683,2021-12-02,12.0
2622,683,2023-05-16,18.5
2623,683,2023-08-04,11.0
2624,683,2023-01-11,0.0
2625,683,2025-01-05,25.5
2626,684,2023-03-02,25.75
2627,685,2019-05-19,195.75
2628,685,2020-06-03,18.4
2629,685,2021-09-23,13.5
2630,686,2023-10-08,10.5
2631,686,2020-12-29,0.0
2632,687,2023-08-14,90.9
2633,687,2024-07-08,14.0
2634,687,2023-06-14,22.5
2635,687,2024-04-28,23.0
2636,687,2023-12-18,12.5
2637,687,2024-06-28,186.25
2638,687,2023-08-22,32.4
2639,688,2020-09-20,18.4
2640,688,2020-04-06,44.0
2641,688,2020-12-03,22.45
2642,688,2020-05-22,12.5
2643,688,2018-11-23,29.4
2644,689,2020-10-20,24.5
2645,689,2021-03-30,25.0
2646,689,2021-06-08,27.5
2647,690,2020-10-24,0.0
2648,691,2023-08-20,35.5
2649,691,2022-01-12,20.9
2650,691,2021-08-21,10.5
2651,692,2024-05-16,125.9
2652,692,2024-07-03,10.5
2653,693,2021-01-09,13.0
2654,693,2022-08-25,11.0
2655,693,2020-09-13,36.5
2656,693,2021-02-27,40.0
2657,693,2022-02-06,0.0
2658,693,2022-09-22,12.0
2659,693,2021-12-16,21.85
2660,693,2020-12-31,44.95
2661,693,2024-03-13,229.65
2662,693,2022-06-09,10.5
2663,693,2020-11-26,11.0
2664,693,2021-07-30,26.25
2665,693,2024-06-25,25.75
2666,693,2021-03-27,22.5
2667,693,2023-12-20,30.9
2668,693,2022-06-24,26.0
2669,694,2023-11-05,10.5
2670,695,2024-10-05,16.35
2671,696,2021-11-01,14.0
2672,696,2023-04-12,11.0
2673,696,2024-05-15,24.0
2674,696,2021-07-16,11.0
2675,696,2022-01-21,23.5
2676,696,2021-11-11,34.4
2677,696,2021-12-15,192.7
2678,697,2021-11-04,47.0
2679,698,2021-01-15,22.0
2680,698,2021-07-04,37.5
2681,699,2023-11-04,12.0
2682,699,2019-11-13,55.5
2683,700,2020-06-16,35.5
2684,701,2022-11-19,35.0
2685,702,2020-12-10,13.95
2686,702,2022-06-29,165.5
2687,703,2024-08-15,14.35
2688,703,2024-10-07,158.95
2689,703,2024-12-08,214.7
2690,703,2024-05-01,17.0
2691,704,2022-07-11,35.0
2692,704,2021-01-31,6.5
2693,704,2023-09-05,0.0
2694,705,2022-09-28,22.0
2695,706,2023-08-24,32.3
2696,706,2022-12-26,39.0
2697,706,2023-09-23,24.0
2698,706,2023-11-26,15.0
2699,706,2022-02-12,11.0
2700,707,2020-03-16,24.5
2701,707,2023-06-26,38.5
2702,707,2022-12-23,22.5
2703,708,2023-04-23,10.5
2704,708,2022-09-07,10.5
2705,708,2023-11-09,217.8
2706,709,2020-05-12,13.0
2707,709,2023-03-14,12.0
2708,709,2023-08-16,10.5
2709,710,2025-01-15,25.5
2710,710,2024-12-10,26.0
2711,710,2024-12-06,26.0
2712,711,2020-05-10,20.9
2713,712,2022-04-20,36.8
2714,712,2023-07-06,26.9
2715,712,2020-11-25,32.5
2716,712,2022-02-19,98.5
2717,713,2024-04-26,12.5
2718,713,2023-05-27,14.0
2719,713,2020-09-06,25.0
2720,713,2020-02-11,36.5
2721,713,2018-10-28,5.0
2722,713,2021-05-04,38.0
2723,713,2024-04-15,39.0
2724,714,2025-01-18,20.0
2725,714,2025-01-12,11.0
2726,714,2025-01-17,21.4
2727,714,2025-01-16,38.0
2728,714,2025-01-17,10.5
2729,715,2021-05-13,44.9
2730,716,2024-02-01,102.0
2731,716,2021-12-09,200.70
2732,716,2022-04-07,17.0
2733,717,2025-01-13,12.5
2734,717,2021-12-08,13.0
2735,717,2021-04-25,116.30
2736,717,2020-07-09,39.8
2737,717,2020-03-18,30.0
2738,718,2023-08-11,11.5
2739,719,2020-10-06,7.9
2740,720,2024-12-21,27.0
2741,721,2020-07-28,19.5
2742,722,2020-09-29,31.5
2743,722,2024-10-26,20.4
2744,722,2023-11-26,24.5
2745,722,2020-05-13,29.3
2746,723,2021-01-23,41.5
2747,724,2024-06-30,25.5
2748,724,2024-07-21,23.25
2749,725,2023-01-26,23.5
2750,726,2020-07-13,210.35
2751,727,2024-05-28,0.0
2752,728,2021-06-16,36.5
2753,728,2020-12-12,14.0
2754,728,2022-02-12,20.0
2755,729,2022-07-31,12.5
2756,729,2021-05-27,28.5
2757,729,2022-12-01,10.5
2758,729,2022-01-21,47.0
2759,729,2021-04-07,10.5
2760,729,2021-04-08,56.5
2761,730,2023-09-12,24.45
2762,730,2023-07-01,43.5
2763,731,2021-11-26,46.0
2764,732,2021-05-13,35.85
2765,733,2023-02-21,12.5
2766,733,2020-10-13,0.0
2767,733,2021-12-22,26.5
2768,733,2023-12-12,28.0
2769,733,2023-01-27,19.0
2770,733,2024-01-18,11.0
2771,733,2021-03-30,12.5
2772,733,2022-11-23,214.8
2773,733,2019-12-28,9.0
2774,733,2024-07-09,24.0
2775,733,2021-09-25,28.0
2776,733,2020-03-01,48.0
2777,733,2022-11-16,13.5
2778,733,2020-08-20,51.25
2779,733,2019-12-25,84.19
2780,733,2020-07-07,38.45
2781,733,2024-07-04,28.0
2782,734,2020-12-28,38.0
2783,734,2020-10-17,13.95
2784,734,2025-01-11,43.0
2785,734,2022-01-28,21.9
2786,735,2023-11-29,7.9
2787,735,2024-07-09,46.9
2788,735,2024-07-01,36.5
2789,735,2023-11-22,21.0
2790,735,2024-02-20,28.0
2791,736,2024-08-15,185.70
2792,737,2020-12-25,106.4
2793,738,2021-03-08,179.9
2794,738,2021-09-08,142.85
2795,738,2020-03-28,36.0
2796,738,2024-04-29,3.85
2797,738,2020-05-30,23.5
2798,738,2024-07-22,24.5
2799,738,2021-06-26,11.0
2800,739,2021-12-13,39.9
2801,739,2022-03-22,51.0
2802,739,2024-10-17,12.0
2803,740,2023-01-27,11.0
2804,741,2021-05-05,12.5
2805,742,2022-10-13,24.5
2806,742,2021-02-01,32.5
2807,742,2020-05-01,31.9
2808,743,2023-04-30,36.25
2809,743,2022-12-20,39.0
2810,743,2022-11-23,22.0
2811,744,2022-10-25,33.5
2812,744,2022-11-10,91.5
2813,745,2024-01-02,11.0
2814,745,2021-05-17,14.5
2815,745,2020-08-26,36.5
2816,745,2021-09-26,32.5
2817,746,2020-09-15,14.5
2818,746,2020-04-25,31.0
2819,746,2021-04-20,41.0
2820,747,2020-08-20,23.0
2821,747,2020-11-11,11.0
2822,747,2020-11-17,50.5
2823,748,2024-10-06,24.5
2824,749,2020-11-06,11.0
2825,749,2023-11-15,20.5
2826,750,2024-07-22,26.0
2827,751,2023-11-28,143.8
2828,751,2023-05-09,41.0
2829,751,2024-04-08,13.0
2830,751,2024-01-23,33.0
2831,751,2024-07-31,13.95
2832,752,2024-07-11,0.0
2833,752,2020-07-03,11.0
2834,752,2019-11-17,14.5
2835,753,2025-01-06,24.5
2836,753,2022-05-17,13.0
2837,753,2024-03-17,45.75
2838,753,2022-10-21,11.0
2839,753,2022-09-14,12.5
2840,753,2022-05-04,23.25
2841,753,2022-09-21,23.5
2842,753,2022-10-17,116.65
2843,753,2024-10-09,33.0
2844,753,2023-02-06,18.5
2845,754,2021-01-29,31.9
2846,754,2021-03-09,62.0
2847,754,2024-08-13,24.0
2848,754,2021-08-01,11.0
2849,754,2020-07-16,25.0
2850,755,2020-04-23,54.0
2851,756,2020-06-18,12.5
2852,757,2024-02-07,31.5
2853,757,2023-07-25,81.4
2854,757,2024-01-05,21.5
2855,757,2022-10-18,26.5
2856,757,2024-08-16,37.5
2857,757,2024-08-26,21.5
2858,757,2022-12-02,13.0
2859,757,2023-05-15,36.5
2860,757,2024-07-20,24.5
2861,757,2023-11-02,12.5
2862,757,2023-08-18,12.5
2863,757,2022-12-18,0.0
2864,757,2022-10-08,13.95
2865,757,2022-08-28,37.5
2866,757,2023-05-27,204.0
2867,757,2023-02-07,30.4
2868,757,2023-07-03,9.5
2869,758,2024-11-08,13.5
2870,758,2024-12-25,114.9
2871,759,2024-05-15,22.0
2872,760,2022-12-15,22.5
2873,760,2022-11-30,11.0
2874,760,2020-09-18,21.9
2875,760,2022-04-27,93.65
2876,760,2020-10-25,29.5
2877,760,2021-01-11,20.25
2878,761,2023-01-29,22.0
2879,761,2022-08-06,22.0
2880,761,2024-06-25,22.0
2881,762,2021-03-28,40.5
2882,763,2022-11-30,18.5
2883,763,2020-10-28,93.15
2884,763,2021-12-21,9.5
2885,764,2024-05-25,50.5
2886,764,2024-03-11,219.1
2887,764,2024-04-09,50.5
2888,764,2024-07-05,14.35
2889,764,2024-12-13,22.5
2890,764,2024-08-21,8.0
2891,765,2018-02-19,12.5
2892,765,2021-11-26,10.5
2893,766,2019-10-19,13.5
2894,767,2022-03-07,36.0
2895,767,2020-06-10,11.5
2896,768,2024-06-23,11.0
2897,768,2023-08-18,69.0
2898,768,2022-11-03,12.0
2899,768,2023-04-27,30.5
2900,768,2021-04-27,20.0
2901,768,2020-04-27,13.0
2902,768,2021-01-13,31.5
2903,768,2020-07-22,12.0
2904,768,2020-07-26,39.8
2905,768,2024-02-05,7.9
2906,768,2020-08-14,12.5
2907,768,2021-05-30,36.35
2908,768,2024-05-24,12.5
2909,768,2024-07-28,12.5
2910,768,2021-05-04,0.0
2911,768,2024-01-09,19.5
2912,768,2021-10-31,49.0
2913,768,2019-09-12,12.0
2914,768,2023-11-17,24.0
2915,769,2020-04-15,21.5
2916,770,2023-08-05,7.9
2917,770,2022-05-31,11.25
2918,770,2022-12-11,86.0
2919,770,2024-12-29,25.35
2920,770,2021-12-31,114.15
2921,770,2023-04-18,10.5
2922,770,2024-10-09,36.5
2923,770,2024-01-30,38.0
2924,770,2022-02-21,11.0
2925,770,2023-12-03,13.0
2926,770,2023-01-04,46.35
2927,770,2024-04-09,23.5
2928,770,2024-04-19,50.5
2929,771,2023-01-26,13.0
2930,772,2024-05-17,28.0
2931,772,2024-03-25,11.0
2932,772,2024-04-25,22.5
2933,772,2024-12-21,12.5
2934,772,2024-10-18,23.0
2935,772,2024-03-17,153.95
2936,772,2024-08-26,12.0
2937,773,2024-09-02,11.0
2938,774,2022-12-30,8.5
2939,774,2023-12-24,26.0
2940,774,2022-08-12,12.5
2941,775,2022-07-29,47.2
2942,775,2021-04-12,26.5
2943,776,2021-08-21,101.0
2944,776,2021-11-25,43.4
2945,776,2023-10-23,15.35
2946,776,2021-01-06,25.5
2947,776,2023-12-19,11.25
2948,776,2022-01-25,51.25
2949,776,2021-04-11,32.4
2950,777,2022-05-12,14.0
2951,777,2024-04-28,12.0
2952,777,2022-06-14,54.9
2953,778,2020-12-23,198.5
2954,779,2024-12-28,13.5
2955,780,2020-09-27,31.9
2956,780,2021-10-23,12.5
2957,780,2023-04-30,14.0
2958,781,2024-07-13,0.0
2959,781,2021-07-10,11.0
2960,781,2024-11-24,34.45
2961,782,2023-12-14,25.5
2962,783,2021-01-07,13.95
2963,784,2024-10-28,25.5
2964,784,2024-11-22,12.0
2965,785,2024-12-14,13.5
2966,785,2024-12-27,11.0
2967,785,2023-12-27,21.95
2968,786,2021-01-08,36.85
2969,786,2020-12-24,32.5
2970,787,2024-10-01,35.5
2971,787,2024-11-12,12.5
2972,787,2024-08-11,33.5
2973,788,2021-12-21,11.0
2974,788,2021-09-12,10.5
2975,788,2021-05-07,14.0
2976,788,2023-07-05,36.0
2977,788,2024-10-25,35.5
2978,788,2021-01-31,93.0
2979,788,2024-05-21,27.5
2980,788,2023-01-12,203.6
2981,788,2022-10-08,100.0
2982,788,2021-02-18,13.0
2983,788,2022-04-27,38.5
2984,788,2024-02-28,184.55
2985,788,2022-01-24,12.5
2986,788,2024-02-01,37.25
2987,788,2021-04-28,27.0
2988,788,2023-10-18,39.9
2989,789,2024-08-06,25.5
2990,789,2025-01-13,35.75
2991,789,2024-07-06,11.0
2992,790,2024-08-03,11.0
2993,790,2023-08-11,13.5
2994,791,2021-04-12,35.5
2995,792,2019-05-08,38.0
2996,792,2020-05-13,10.5
2997,792,2019-06-10,135.9
2998,792,2023-10-05,12.5
2999,792,2022-11-21,46.95
3000,792,2024-10-09,25.2
3001,792,2021-12-09,14.0
3002,792,2020-08-29,196.0
3003,792,2021-02-15,22.5
3004,792,2019-05-17,41.5
3005,792,2021-07-31,21.0
3006,792,2024-07-30,11.0
3007,792,2020-05-31,123.15
3008,792,2020-06-16,0.0
3009,792,2021-02-09,45.5
3010,792,2019-03-16,155.75
3011,792,2023-01-19,10.5
3012,793,2022-11-16,24.5
3013,793,2021-02-13,41.4
3014,794,2024-11-26,10.5
3015,794,2022-08-18,19.0
3016,795,2023-01-23,19.15
3017,795,2022-01-09,36.5
3018,796,2021-03-07,11.0
3019,796,2023-08-22,34.0
3020,796,2021-04-23,21.5
3021,796,2022-04-08,19.9
3022,796,2020-08-31,35.0
3023,796,2020-04-08,11.0
3024,796,2020-03-15,13.0
3025,796,2020-04-28,205.4
3026,796,2020-10-20,12.0
3027,797,2020-06-15,169.15
3028,797,2021-03-24,27.0
3029,797,2023-12-13,20.4
3030,798,2024-02-06,11.0
3031,798,2024-02-29,20.4
3032,798,2024-08-04,24.0
3033,799,2024-12-31,14.5
3034,799,2024-12-12,25.5
3035,800,2024-10-12,21.4
3036,800,2023-08-01,10.5
3037,800,2021-05-09,7.9
3038,801,2020-08-31,0.0
3039,801,2020-05-14,24.0
3040,802,2020-04-06,19.9
3041,803,2020-08-06,18.4
3042,803,2021-03-14,26.0
3043,803,2020-05-21,23.0
3044,803,2023-10-17,14.0
3045,803,2019-02-13,102.9
3046,803,2020-07-10,14.85
3047,804,2024-07-30,15.5
3048,805,2021-05-28,25.0
3049,805,2020-05-02,10.5
3050,806,2024-04-20,34.5
3051,806,2021-09-09,23.0
3052,806,2023-12-13,45.0
3053,806,2023-09-04,7.9
3054,806,2023-12-23,25.25
3055,806,2021-06-02,19.0
3056,806,2022-07-27,29.35
3057,806,2022-02-18,34.5
3058,806,2024-09-25,40.35
3059,806,2024-10-06,222.95
3060,806,2021-05-26,20.9
3061,806,2022-11-13,75.9
3062,806,2022-04-08,212.0
3063,806,2023-08-14,37.0
3064,806,2021-08-24,0.0
3065,806,2024-02-27,10.5
3066,806,2024-05-17,12.0
3067,806,2023-10-12,25.5
3068,806,2023-08-11,42.8
3069,807,2020-12-25,12.0
3070,807,2020-05-15,19.4
3071,807,2021-06-15,51.5
3072,807,2021-05-27,21.5
3073,807,2021-02-14,12.0
3074,807,2020-12-19,159.8
3075,807,2024-02-09,11.0
3076,807,2021-12-17,42.4
3077,807,2021-03-25,22.5
3078,807,2020-05-19,29.0
3079,807,2024-10-30,37.75
3080,807,2020-05-16,0.0
3081,807,2023-05-05,46.5
3082,808,2023-07-09,42.5
3083,808,2021-04-29,60.9
3084,808,2024-03-16,12.5
3085,809,2024-03-04,13.5
3086,810,2023-08-18,13.0
3087,811,2020-06-09,14.0
3088,812,2020-09-17,13.5
3089,812,2020-11-27,7.9
3090,812,2018-05-21,37.5
3091,813,2020-11-10,13.5
3092,813,2023-11-21,38.0
3093,813,2023-10-23,22.5
3094,814,2024-04-19,29.4
3095,814,2024-05-13,26.0
3096,814,2024-03-29,48.0
3097,814,2024-04-18,111.30
3098,814,2024-12-09,23.5
3099,814,2024-11-01,38.0
3100,814,2024-11-20,24.75
3101,815,2024-10-27,19.9
3102,815,2024-12-29,22.0
3103,815,2024-06-19,44.9
3104,816,2024-06-06,18.9
3105,816,2022-03-05,24.5
3106,817,2024-12-12,29.29
3107,817,2024-05-26,12.0
3108,817,2023-03-15,31.9
3109,817,2024-06-19,7.9
3110,817,2024-07-17,14.5
3111,817,2022-04-04,7.9
3112,817,2022-07-21,8.5
3113,817,2021-09-30,9.0
3114,817,2024-05-28,5.0
3115,817,2022-05-20,24.5
3116,817,2023-05-17,34.85
3117,817,2023-02-17,40.0
3118,817,2023-09-23,0.0
3119,817,2022-02-11,11.0
3120,817,2022-12-15,38.0
3121,817,2023-08-06,13.0
3122,817,2022-03-01,13.5
3123,817,2023-07-30,24.5
3124,817,2023-05-14,10.5
3125,818,2024-01-27,54.2
3126,818,2022-11-20,26.0
3127,818,2024-12-26,21.5
3128,818,2023-11-16,14.0
3129,818,2023-11-27,11.25
3130,818,2024-12-09,25.0
3131,819,2023-04-08,12.0
3132,819,2021-08-03,24.5
3133,819,2023-11-11,173.8
3134,820,2024-09-06,163.5
3135,821,2022-08-23,17.5
3136,822,2021-08-26,13.5
3137,823,2021-02-21,11.0
3138,823,2022-11-10,24.5
3139,824,2020-11-14,166.65
3140,824,2020-07-25,24.0
3141,825,2020-04-09,11.0
3142,825,2023-02-21,27.5
3143,826,2024-07-05,13.5
3144,827,2021-04-23,13.0
3145,827,2020-05-01,14.5
3146,827,2019-12-07,21.5
3147,827,2019-10-22,198.9
3148,827,2020-07-08,20.5
3149,827,2020-04-06,42.5
3150,828,2021-10-25,81.75
3151,828,2024-12-04,11.0
3152,829,2021-03-11,13.5
3153,830,2022-11-02,26.5
3154,830,2021-02-15,12.5
3155,831,2022-07-07,10.5
3156,831,2020-08-14,29.9
3157,832,2022-03-14,64.0
3158,832,2020-09-11,42.0
3159,833,2024-04-04,12.0
3160,833,2024-04-23,24.5
3161,833,2024-12-03,10.5
3162,833,2024-03-07,24.0
3163,833,2024-12-14,22.5
3164,833,2024-12-19,109.9
3165,834,2020-11-12,47.0
3166,834,2025-01-10,13.5
3167,834,2021-04-08,24.5
3168,835,2022-05-03,10.5
3169,835,2022-01-17,10.35
3170,836,2022-04-02,13.5
3171,836,2024-06-02,32.0
3172,836,2021-02-03,16.0
3173,836,2023-04-24,162.8
3174,836,2020-12-14,8.5
3175,836,2024-09-10,156.25
3176,836,2023-08-26,39.9
3177,836,2021-02-07,29.0
3178,836,2021-05-04,17.0
3179,836,2024-02-07,0.0
3180,836,2022-05-18,149.75
3181,836,2021-04-06,181.25
3182,836,2025-01-11,13.0
3183,836,2021-03-27,23.5
3184,836,2022-02-26,24.0
3185,836,2021-06-06,217.1
3186,836,2021-03-17,37.0
3187,836,2020-12-13,37.0
3188,836,2024-08-20,26.5
3189,837,2022-09-01,36.5
3190,837,2024-03-19,27.5
3191,837,2023-01-22,11.0
3192,837,2024-12-05,123.0
3193,837,2023-06-19,47.5
3194,837,2023-06-14,23.75
3195,837,2022-08-01,27.0
3196,837,2023-09-13,12.0
3197,837,2023-06-05,47.5
3198,837,2024-02-13,32.35
3199,837,2024-10-16,7.9
3200,837,2023-10-04,46.4
3201,837,2023-09-17,23.0
3202,837,2022-07-10,91.25
3203,838,2024-10-07,104.5
3204,839,2024-02-03,37.0
3205,839,2024-08-07,33.0
3206,839,2023-08-26,7.9
3207,839,2024-08-06,26.0
3208,839,2023-08-18,3.85
3209,839,2024-11-10,14.0
3210,839,2024-03-27,28.0
3211,840,2021-01-09,36.5
3212,840,2020-03-24,26.5
3213,840,2023-03-18,48.5
3214,841,2019-12-06,122.4
3215,841,2021-09-19,96.4
3216,841,2020-12-18,22.0
3217,841,2024-04-09,91.25
3218,842,2021-03-22,12.0
3219,843,2022-11-29,18.4
3220,843,2022-07-15,10.5
3221,843,2024-07-26,12.5
3222,843,2023-12-02,14.0
3223,843,2022-09-28,8.0
3224,843,2022-06-23,32.4
3225,844,2023-12-18,13.0
3226,844,2020-12-04,24.0
3227,844,2023-11-08,48.35
3228,845,2022-09-24,23.0
3229,846,2024-07-09,12.5
3230,847,2021-04-10,95.9
3231,847,2023-04-16,23.0
3232,847,2021-11-07,21.5
3233,847,2021-10-16,36.0
3234,847,2021-04-23,21.75
3235,847,2024-02-11,0.0
3236,847,2021-05-21,23.5
3237,848,2024-06-07,14.0
3238,849,2021-10-19,62.0
3239,849,2020-11-15,121.85
3240,849,2024-12-30,10.5
3241,850,2020-04-30,162.9
3242,850,2024-09-01,13.0
3243,850,2018-10-18,7.9
3244,851,2025-01-18,14.0
3245,851,2023-11-17,45.4
3246,851,2022-09-24,39.0
3247,851,2023-05-05,62.0
3248,851,2023-05-11,32.5
3249,852,2023-07-01,9.0
3250,852,2021-02-02,24.0
3251,852,2021-08-27,49.5
3252,852,2024-02-07,22.5
3253,852,2023-03-05,34.5
3254,852,2024-03-25,8.0
3255,852,2021-08-03,15.3
3256,852,2022-11-02,27.0
3257,852,2022-05-18,15.0
3258,852,2023-09-17,10.5
3259,852,2021-05-07,13.0
3260,852,2021-05-25,40.0
3261,852,2022-01-18,20.4
3262,852,2022-11-04,10.5
3263,852,2021-04-13,91.4
3264,852,2022-05-07,21.4
3265,852,2021-02-02,25.95
3266,852,2022-12-03,23.0
3267,852,2023-08-28,14.0
3268,853,2023-01-09,33.5
3269,854,2024-10-06,12.0
3270,854,2022-04-02,0.0
3271,855,2020-04-11,19.0
3272,855,2020-06-10,21.5
3273,856,2024-04-27,12.0
3274,857,2023-04-28,42.4
3275,858,2022-11-11,26.0
3276,858,2023-04-17,35.35
3277,858,2023-03-27,11.0
3278,858,2022-12-27,11.0
3279,858,2023-07-14,35.9
3280,858,2023-02-04,10.5
3281,858,2023-10-11,40.8
3282,859,2024-10-11,25.5
3283,859,2021-04-20,29.3
3284,859,2024-07-07,45.5
3285,860,2022-08-20,15.3
3286,860,2022-06-02,27.5
3287,860,2024-02-22,20.9
3288,860,2021-09-20,35.5
3289,860,2024-05-13,11.0
3290,861,2022-11-15,24.0
3291,862,2024-01-15,42.0
3292,862,2021-03-06,36.45
3293,862,2023-12-27,25.5
3294,863,2024-07-24,23.0
3295,864,2020-05-28,3.85
3296,864,2023-11-17,23.4
3297,864,2020-11-19,8.5
3298,864,2020-09-28,21.4
3299,864,2020-04-22,20.4
3300,864,2020-06-22,28.5
3301,864,2020-10-30,176.85
3302,864,2020-11-05,10.5
3303,864,2019-12-26,35.0
3304,864,2021-07-15,5.0
3305,864,2020-12-19,20.5
3306,864,2021-03-19,23.5
3307,864,2020-04-01,13.5
3308,864,2020-03-11,11.0
3309,864,2021-08-17,13.0
3310,864,2020-06-22,12.5
3311,865,2025-01-15,64.0
3312,865,2024-09-21,24.5
3313,865,2024-09-18,21.5
3314,865,2024-08-19,23.0
3315,865,2024-11-07,103.5
3316,865,2024-09-11,48.5
3317,865,2024-12-19,11.0
3318,865,2024-10-18,7.9
3319,865,2024-09-25,14.5
3320,865,2024-11-12,26.5
3321,865,2025-01-13,10.5
3322,865,2025-01-17,0.0
3323,865,2024-12-16,28.4
3324,865,2024-09-07,66.35
3325,865,2024-10-04,31.5
3326,866,2022-09-13,25.0
3327,866,2022-04-26,26.35
3328,866,2020-12-23,39.0
3329,866,2024-06-28,7.9
3330,867,2020-04-27,27.5
3331,867,2021-01-22,22.0
3332,867,2020-04-24,21.5
3333,867,2020-04-16,22.5
3334,867,2023-01-30,11.0
3335,867,2021-03-08,224.05
3336,867,2022-06-08,50.0
3337,868,2022-08-11,35.5
3338,868,2021-04-17,15.5
3339,868,2021-09-22,16.85
3340,868,2024-05-31,26.5
3341,868,2023-08-13,34.4
3342,868,2023-04-30,14.35
3343,869,2024-08-03,11.25
3344,870,2022-11-30,224.2
3345,870,2023-01-06,13.5
3346,870,2024-10-10,21.4
3347,870,2024-03-29,26.5
3348,870,2023-08-20,0.0
3349,870,2023-07-10,23.5
3350,871,2024-08-02,22.5
3351,871,2024-12-18,11.0
3352,871,2024-03-20,10.5
3353,871,2024-12-03,10.5
3354,872,2023-10-15,55.5
3355,873,2023-01-08,71.95
3356,873,2022-06-03,34.5
3357,873,2024-11-17,34.9
3358,874,2024-04-26,11.0
3359,875,2024-06-08,20.0
3360,875,2020-03-23,34.5
3361,875,2021-04-14,7.9
3362,875,2020-08-02,10.5
3363,875,2021-09-26,34.9
3364,875,2021-05-06,48.5
3365,875,2023-12-22,42.0
3366,875,2020-03-12,37.0
3367,876,2022-03-23,26.5
3368,876,2023-05-08,25.5
3369,876,2024-08-27,12.0
3370,877,2022-05-31,10.5
3371,877,2024-06-14,13.5
3372,877,2020-04-18,23.0
3373,877,2020-12-12,0.0
3374,877,2021-09-19,23.5
3375,877,2020-03-04,11.0
3376,877,2023-07-14,39.5
3377,877,2022-11-04,32.4
3378,877,2020-10-12,13.0
3379,878,2024-12-23,42.0
3380,878,2025-01-21,23.5
3381,878,2024-12-13,11.0
3382,878,2024-12-25,33.0
3383,878,2024-12-16,153.15
3384,878,2024-12-27,121.4
3385,878,2025-01-13,25.0
3386,878,2025-01-06,23.5
3387,878,2025-01-07,31.9
3388,878,2025-01-04,210.85
3389,878,2025-01-11,36.95
3390,878,2025-01-16,11.0
3391,878,2024-12-16,24.0
3392,878,2025-01-02,34.45
3393,878,2024-12-30,39.0
3394,878,2025-01-03,13.5
3395,878,2025-01-06,41.19
3396,878,2024-12-19,37.0
3397,879,2024-11-10,13.5
3398,880,2019-07-14,200.6
3399,880,2020-09-06,12.0
3400,880,2019-12-30,35.5
3401,880,2021-05-17,29.0
3402,880,2019-03-12,83.9
3403,881,2023-06-27,26.5
3404,881,2023-09-04,18.9
3405,882,2024-12-20,146.85
3406,882,2024-08-08,71.9
3407,883,2023-03-22,159.75
3408,883,2020-07-14,39.25
3409,884,2022-04-08,33.0
3410,885,2024-04-28,0.0
3411,885,2024-07-27,12.0
3412,885,2024-10-18,60.75
3413,885,2024-10-08,59.9
3414,885,2024-07-07,24.5
3415,885,2024-08-26,12.0
3416,885,2024-09-24,36.5
3417,885,2024-10-03,28.5
3418,885,2024-09-28,12.0
3419,885,2024-05-28,35.0
3420,886,2020-05-12,12.5
3421,886,2020-10-15,21.5
3422,887,2023-04-14,36.5
3423,888,2022-06-22,25.0
3424,888,2023-04-13,38.5
3425,889,2024-10-26,14.5
3426,890,2024-10-22,37.95
3427,890,2024-11-24,144.4
3428,890,2025-01-05,36.5
3429,890,2024-11-13,13.0
3430,890,2024-11-21,25.5
3431,890,2024-11-17,25.0
3432,890,2024-11-05,204.95
3433,890,2024-10-31,119.45
3434,890,2025-01-13,25.0
3435,890,2024-12-27,22.0
3436,890,2024-12-18,22.0
3437,890,2024-11-18,41.95
3438,890,2024-12-06,38.0
3439,890,2024-11-16,18.25
3440,890,2024-10-28,11.0
3441,890,2024-11-13,14.0
3442,890,2024-10-30,56.5
3443,891,2024-08-03,40.0
3444,891,2024-09-14,72.5
3445,891,2024-10-22,20.5
3446,892,2022-08-12,23.0
3447,892,2022-11-07,15.5
3448,892,2025-01-16,21.5
3449,892,2021-10-02,38.5
3450,893,2024-04-16,46.9
3451,894,2024-04-26,30.35
3452,895,2020-07-22,31.9
3453,895,2023-03-17,8.5
3454,895,2020-08-20,23.0
3455,895,2024-11-21,0.0
3456,895,2021-05-12,7.9
3457,895,2021-03-23,33.5
3458,896,2024-12-27,25.5
3459,896,2024-10-15,23.5
3460,896,2023-08-17,11.0
3461,897,2021-04-06,161.9
3462,897,2023-09-12,7.9
3463,897,2020-03-27,7.9
3464,897,2024-04-23,59.0
3465,898,2024-04-07,26.0
3466,898,2023-04-24,17.5
3467,898,2022-06-05,24.5
3468,899,2020-03-08,11.0
3469,899,2024-02-26,41.0
3470,899,2021-02-04,23.0
3471,900,2020-10-02,41.5
3472,901,2023-01-18,49.0
3473,901,2022-06-23,11.0
3474,902,2023-04-21,11.0
3475,902,2023-04-14,50.8
3476,903,2021-02-14,13.5
3477,903,2021-04-12,191.65
3478,903,2020-11-21,42.5
3479,903,2021-05-10,12.5
3480,904,2023-10-30,28.5
3481,904,2023-11-21,69.5
3482,904,2023-05-08,12.0
3483,904,2024-11-27,15.1
3484,904,2024-01-16,41.5
3485,904,2023-06-08,34.25
3486,904,2022-12-24,26.0
3487,905,2019-12-07,45.4
3488,905,2020-04-15,31.9
3489,905,2024-07-10,6.5
3490,905,2021-03-09,10.5
3491,905,2020-07-13,24.5
3492,905,2021-05-20,196.45
3493,906,2024-08-14,76.0
3494,906,2024-04-11,13.0
3495,906,2022-08-24,95.5
3496,906,2021-03-16,173.15
3497,906,2021-04-05,36.0
3498,906,2023-01-06,116.25
3499,906,2020-11-09,32.0
3500,907,2023-01-15,0.0
3501,908,2024-08-25,23.0
3502,908,2024-06-09,23.0
3503,908,2024-02-10,47.0
3504,909,2021-03-29,8.5
3505,909,2024-10-15,26.0
3506,909,2023-03-13,24.5
3507,910,2022-12-14,18.4
3508,910,2023-02-16,20.5
3509,910,2023-07-26,26.5
3510,910,2022-03-25,26.0
3511,911,2024-03-25,0.0
3512,912,2024-10-31,34.0
3513,913,2022-05-08,25.5
3514,913,2024-05-02,18.9
3515,913,2023-03-23,22.9
3516,913,2024-09-27,36.0
3517,913,2023-11-24,10.5
3518,913,2020-09-12,13.95
3519,913,2020-09-12,55.5
3520,913,2020-03-12,10.5
3521,913,2020-09-15,10.5
3522,914,2020-03-29,35.7
3523,915,2024-07-24,0.0
3524,915,2024-05-30,10.5
3525,916,2019-04-21,38.0
3526,916,2022-02-20,27.5
3527,916,2022-05-25,14.0
3528,916,2024-08-09,60.0
3529,916,2024-02-13,10.5
3530,916,2024-05-30,51.5
3531,916,2023-06-19,3.85
3532,916,2022-07-01,168.8
3533,916,2021-11-27,32.0
3534,916,2024-07-11,23.5
3535,916,2021-04-28,25.5
3536,916,2024-05-26,14.0
3537,916,2020-12-31,28.5
3538,916,2023-01-07,37.0
3539,916,2024-03-01,161.65
3540,916,2018-10-25,16.9
3541,916,2018-06-01,28.5
3542,916,2021-02-12,129.9
3543,916,2023-07-22,12.0
3544,917,2024-01-25,26.5
3545,917,2024-07-18,13.5
3546,917,2024-12-12,127.0
3547,918,2022-06-16,96.0
3548,918,2022-05-17,35.5
3549,918,2022-10-11,10.5
3550,919,2025-01-07,26.0
3551,919,2024-12-01,25.0
3552,919,2024-07-14,11.0
3553,919,2024-10-15,31.9
3554,919,2024-09-14,34.5
3555,920,2024-07-12,36.0
3556,921,2025-01-18,113.5
3557,922,2021-09-02,26.5
3558,922,2020-11-10,21.5
3559,922,2020-07-13,25.0
3560,923,2023-07-13,12.5
3561,923,2024-08-04,16.9
3562,923,2023-07-08,13.5
3563,924,2023-09-15,12.0
3564,924,2021-10-09,21.5
3565,925,2023-07-01,20.9
3566,925,2024-02-11,0.0
3567,925,2021-07-18,7.9
3568,926,2022-04-12,12.5
3569,926,2022-10-24,7.9
3570,927,2024-09-08,12.0
3571,927,2024-09-30,27.0
3572,927,2024-04-10,21.5
3573,927,2023-12-25,10.5
3574,927,2024-06-01,155.0
3575,927,2024-10-01,5.0
3576,927,2024-11-21,39.0
3577,927,2024-08-18,46.8
3578,927,2024-05-26,13.5
3579,927,2024-07-09,24.5
3580,928,2024-12-29,13.0
3581,928,2025-01-19,112.25
3582,929,2024-10-22,46.5
3583,930,2024-09-23,14.0
3584,930,2021-03-17,7.9
3585,930,2024-03-02,25.5
3586,931,2023-08-10,0.0
3587,931,2021-03-13,35.4
3588,931,2021-01-10,27.0
3589,931,2021-03-21,28.5
3590,931,2023-05-19,23.0
3591,931,2022-07-01,12.0
3592,931,2023-12-08,20.0
3593,931,2023-01-13,40.25
3594,931,2021-02-11,73.0
3595,931,2022-11-06,24.0
3596,931,2021-01-22,135.75
3597,931,2023-08-25,11.0
3598,931,2021-05-11,35.0
3599,931,2023-04-22,42.9
3600,931,2021-11-03,21.75
3601,932,2023-08-26,9.5
3602,933,2022-02-26,164.9
3603,933,2020-10-24,21.5
3604,933,2022-06-25,24.0
3605,933,2023-10-27,45.75
3606,934,2019-06-29,195.85
3607,934,2022-10-28,64.3
3608,934,2021-11-29,50.0
3609,934,2019-12-24,25.0
3610,934,2023-12-11,12.5
3611,934,2019-09-02,47.25
3612,935,2023-12-23,14.0
3613,935,2024-02-06,21.0
3614,935,2021-11-24,43.5
3615,935,2021-05-10,7.9
3616,935,2021-01-22,22.5
3617,935,2021-12-21,46.35
3618,936,2023-07-10,37.0
3619,936,2023-06-12,11.0
3620,937,2020-05-24,74.9
3621,938,2020-04-13,10.5
3622,938,2022-08-21,22.5
3623,938,2024-01-28,12.5
3624,939,2018-06-25,25.8
3625,939,2021-04-12,21.0
3626,939,2021-02-20,62.25
3627,939,2024-03-20,13.5
3628,939,2020-11-27,24.5
3629,939,2024-07-27,194.85
3630,939,2020-04-12,21.0
3631,940,2020-08-04,12.5
3632,941,2024-12-13,24.5
3633,942,2022-02-25,7.9
3634,943,2023-02-08,18.4
3635,943,2022-04-25,27.5
3636,943,2020-11-24,14.0
3637,943,2021-01-13,21.5
3638,943,2020-12-18,18.9
3639,944,2022-09-13,36.4
3640,944,2024-05-15,0.0
3641,945,2021-03-13,10.5
3642,946,2024-11-18,12.0
3643,947,2024-03-05,25.0
3644,947,2024-12-01,21.4
3645,947,2024-04-12,28.0
3646,947,2024-12-18,30.4
3647,947,2023-09-22,49.5
3648,947,2023-12-31,40.0
3649,947,2024-09-23,10.5
3650,947,2024-07-02,24.0
3651,947,2023-09-30,21.0
3652,947,2024-07-18,9.0
3653,947,2023-03-12,32.4
3654,947,2023-07-06,14.0
3655,947,2023-08-20,19.5
3656,948,2021-01-08,12.0
3657,948,2024-10-15,38.0
3658,948,2020-07-24,23.0
3659,948,2020-12-09,33.0
3660,948,2020-02-17,11.0
3661,948,2023-10-07,12.5
3662,948,2020-09-23,94.0
3663,948,2021-12-16,23.0
3664,948,2022-02-23,13.0
3665,948,2022-08-16,27.0
3666,949,2023-12-22,168.60
3667,949,2024-08-17,100.05
3668,949,2022-03-23,26.5
3669,950,2024-06-29,14.0
3670,951,2025-01-01,10.5
3671,951,2025-01-07,53.3
3672,952,2024-12-13,95.9
3673,952,2021-05-23,14.0
3674,953,2022-01-22,21.5
3675,953,2023-10-03,44.5
3676,953,2024-09-19,24.5
3677,953,2021-09-12,13.5
3678,953,2022-01-07,26.3
3679,953,2023-05-17,11.0
3680,954,2020-10-11,10.5
3681,954,2022-01-18,25.5
3682,954,2021-03-13,21.0
3683,955,2025-01-20,13.95
3684,956,2021-05-07,48.5
3685,956,2021-07-12,125.4
3686,957,2024-09-30,24.5
3687,958,2022-04-08,49.45
3688,959,2022-08-14,11.0
3689,959,2023-07-01,14.0
3690,959,2021-11-21,35.9
3691,959,2023-10-08,12.5
3692,960,2022-08-20,40.5
3693,960,2022-11-28,18.4
3694,960,2021-12-17,23.9
3695,961,2024-07-28,35.95
3696,961,2020-04-10,28.0
3697,961,2024-03-09,20.5
3698,961,2024-12-20,166.5
3699,961,2020-04-13,128.35
3700,961,2020-12-08,52.5
3701,961,2021-01-31,25.0
3702,962,2021-12-20,45.0
3703,963,2020-03-04,11.25
3704,963,2020-06-24,19.0
3705,963,2020-11-17,27.45
3706,964,2020-10-10,13.0
3707,964,2020-05-02,13.5
3708,964,2021-02-26,199.5
3709,965,2023-05-10,166.85
3710,966,2023-04-16,24.5
3711,966,2022-09-14,34.84
3712,966,2020-08-27,13.5
3713,967,2022-03-09,28.0
3714,968,2025-01-05,13.5
3715,968,2024-12-22,21.0
3716,968,2024-11-21,25.5
3717,969,2024-09-03,99.0
3718,969,2024-07-19,36.0
3719,969,2024-06-14,15.3
3720,969,2024-02-08,12.5
3721,969,2024-06-06,26.0
3722,969,2024-10-09,16.0
3723,969,2024-02-04,14.0
3724,970,2024-08-07,21.5
3725,970,2024-07-08,11.25
3726,971,2025-01-21,57.8
3727,972,2020-05-20,27.0
3728,972,2020-10-23,48.0
3729,972,2021-04-01,7.9
3730,973,2023-06-21,24.0
3731,974,2023-07-02,21.5
3732,975,2023-09-22,24.5
3733,975,2023-01-17,23.5
3734,975,2022-06-15,48.95
3735,975,2022-11-09,12.5
3736,975,2024-02-21,45.85
3737,976,2023-06-14,21.4
3738,977,2023-10-12,26.0
3739,977,2024-07-29,0.0
3740,977,2024-11-26,13.0
3741,977,2025-01-11,75.0
3742,978,2022-07-21,154.0
3743,978,2022-10-30,11.0
3744,978,2021-02-19,13.5
3745,978,2020-12-30,38.0
3746,978,2020-12-27,11.0
3747,978,2021-10-23,78.5
3748,979,2020-03-16,11.0
3749,979,2020-06-05,32.5
3750,979,2020-04-28,37.0
3751,979,2020-09-19,10.5
3752,980,2024-10-15,0.0
3753,981,2023-01-22,14.0
3754,981,2023-03-23,0.0
3755,982,2022-07-24,13.0
3756,982,2022-10-06,18.9
3757,982,2024-04-04,22.0
3758,982,2023-07-20,10.5
3759,982,2022-06-08,11.0
3760,983,2020-05-24,10.5
3761,983,2021-02-27,17.0
3762,984,2024-12-31,12.0
3763,984,2024-09-03,49.5
3764,984,2024-08-03,12.0
3765,985,2020-10-04,13.0
3766,985,2020-11-13,40.0
3767,985,2020-04-22,22.5
3768,985,2022-10-27,40.9
3769,985,2021-04-01,24.0
3770,985,2021-01-28,0.0
3771,985,2021-02-07,31.65
3772,985,2024-08-30,14.0
3773,985,2021-05-19,21.5
3774,985,2021-05-20,12.5
3775,985,2020-11-20,34.0
3776,985,2021-08-30,13.95
3777,985,2020-10-25,26.25
3778,985,2021-01-24,45.9
3779,985,2024-10-22,20.9
3780,985,2021-02-02,39.3
3781,985,2021-03-05,25.0
3782,985,2020-09-05,37.45
3783,985,2021-06-29,27.5
3784,986,2023-02-12,15.3
3785,987,2024-10-13,35.75
3786,988,2024-10-21,0.0
3787,988,2024-09-02,24.5
3788,988,2024-10-22,22.5
3789,989,2024-01-30,59.25
3790,990,2023-10-28,14.5
3791,990,2024-03-12,27.0
3792,991,2022-09-11,13.5
3793,992,2021-09-06,18.4
3794,992,2024-02-15,11.0
3795,992,2023-11-24,48.45
3796,993,2020-01-14,155.0
3797,993,2023-05-29,12.0
3798,993,2020-03-29,13.0
3799,994,2020-12-04,26.0
3800,994,2021-11-29,26.85
3801,994,2023-07-22,33.0
3802,994,2023-03-14,10.5
3803,994,2021-04-09,32.5
3804,994,2020-09-02,11.0
3805,995,2024-02-11,40.0
3806,996,2020-09-30,24.5
3807,996,2023-06-18,26.5
3808,997,2022-09-23,140.85
3809,997,2023-06-23,7.9
3810,997,2023-10-31,25.4
3811,997,2023-03-06,12.5
3812,997,2023-03-25,200.85
3813,997,2023-02-13,38.75
3814,997,2024-11-17,14.5
3815,998,2024-12-01,146.0
3816,998,2024-07-04,12.0
3817,998,2023-04-22,11.0
3818,998,2024-12-28,12.0
3819,998,2023-12-09,20.9
3820,998,2021-04-25,24.5
3821,998,2024-01-27,23.5
3822,998,2022-11-04,204.9
3823,999,2020-10-09,32.9
3824,999,2020-09-01,23.0
3825,999,2022-03-27,158.1
3826,1000,2021-05-26,48.0
3827,1000,2020-04-13,12.0
3828,1000,2021-04-17,11.0